timestamp,can_id_hex,dlc,payload_hex
2026-08-20 20:39:19,0x100,1,12
2026-08-20 20:39:19,0x101,2,0350
2026-08-20 20:39:19,0x102,1,37
2026-08-20 20:39:20,0x100,1,0d
2026-08-20 20:39:20,0x101,2,033b
2026-08-20 20:39:20,0x102,1,37
2026-08-20 20:39:21,0x100,1,0d
2026-08-20 20:39:21,0x101,2,0334
2026-08-20 20:39:21,0x102,1,36
2026-08-20 20:39:22,0x100,1,0f
2026-08-20 20:39:22,0x101,2,0377
2026-08-20 20:39:22,0x102,1,35
2026-08-20 20:39:23,0x100,1,12
2026-08-20 20:39:23,0x101,2,03a2
2026-08-20 20:39:23,0x102,1,36
2026-08-20 20:39:24,0x100,1,11
2026-08-20 20:39:24,0x101,2,03e5
2026-08-20 20:39:24,0x102,1,36
2026-08-20 20:39:25,0x100,1,0d
2026-08-20 20:39:25,0x101,2,0385
2026-08-20 20:39:25,0x102,1,35
2026-08-20 20:39:26,0x100,1,0e
2026-08-20 20:39:26,0x101,2,036d
2026-08-20 20:39:26,0x102,1,35
2026-08-20 20:39:27,0x100,1,0d
2026-08-20 20:39:27,0x101,2,0320
2026-08-20 20:39:27,0x102,1,34
2026-08-20 20:39:28,0x100,1,0e
2026-08-20 20:39:28,0x101,2,0320
2026-08-20 20:39:28,0x102,1,35
2026-08-20 20:39:29,0x100,1,0b
2026-08-20 20:39:29,0x101,2,0320
2026-08-20 20:39:29,0x102,1,35
2026-08-20 20:39:30,0x100,1,0a
2026-08-20 20:39:30,0x101,2,0320
2026-08-20 20:39:30,0x102,1,35
2026-08-20 20:39:31,0x100,1,07
2026-08-20 20:39:31,0x101,2,0320
2026-08-20 20:39:31,0x102,1,34
2026-08-20 20:39:32,0x100,1,06
2026-08-20 20:39:32,0x101,2,0347
2026-08-20 20:39:32,0x102,1,34
2026-08-20 20:39:33,0x100,1,05
2026-08-20 20:39:33,0x101,2,0320
2026-08-20 20:39:33,0x102,1,33
2026-08-20 20:39:34,0x100,1,06
2026-08-20 20:39:34,0x101,2,0320
2026-08-20 20:39:34,0x102,1,33
2026-08-20 20:39:35,0x100,1,09
2026-08-20 20:39:35,0x101,2,03a7
2026-08-20 20:39:35,0x102,1,33
2026-08-20 20:39:36,0x100,1,0a
2026-08-20 20:39:36,0x101,2,0320
2026-08-20 20:39:36,0x102,1,33
2026-08-20 20:39:37,0x100,1,08
2026-08-20 20:39:37,0x101,2,0354
2026-08-20 20:39:37,0x102,1,32
2026-08-20 20:39:38,0x100,1,03
2026-08-20 20:39:38,0x101,2,0361
2026-08-20 20:39:38,0x102,1,31
2026-08-20 20:39:39,0x100,1,02
2026-08-20 20:39:39,0x101,2,0320
2026-08-20 20:39:39,0x102,1,31
2026-08-20 20:39:40,0x100,1,06
2026-08-20 20:39:40,0x101,2,0320
2026-08-20 20:39:40,0x102,1,31
2026-08-20 20:39:41,0x100,1,0b
2026-08-20 20:39:41,0x101,2,0348
2026-08-20 20:39:41,0x102,1,30
2026-08-20 20:39:42,0x100,1,0b
2026-08-20 20:39:42,0x101,2,0320
2026-08-20 20:39:42,0x102,1,30
2026-08-20 20:39:43,0x100,1,0b
2026-08-20 20:39:43,0x101,2,0330
2026-08-20 20:39:43,0x102,1,30
2026-08-20 20:39:44,0x100,1,09
2026-08-20 20:39:44,0x101,2,03ac
2026-08-20 20:39:44,0x102,1,2f
2026-08-20 20:39:45,0x100,1,09
2026-08-20 20:39:45,0x101,2,032f
2026-08-20 20:39:45,0x102,1,30
2026-08-20 20:39:46,0x100,1,0d
2026-08-20 20:39:46,0x101,2,03b1
2026-08-20 20:39:46,0x102,1,31
2026-08-20 20:39:47,0x100,1,0c
2026-08-20 20:39:47,0x101,2,0400
2026-08-20 20:39:47,0x102,1,31
2026-08-20 20:39:48,0x100,1,0e
2026-08-20 20:39:48,0x101,2,0373
2026-08-20 20:39:48,0x102,1,31
2026-08-20 20:39:49,0x100,1,11
2026-08-20 20:39:49,0x101,2,033d
2026-08-20 20:39:49,0x102,1,32
2026-08-20 20:39:50,0x100,1,14
2026-08-20 20:39:50,0x101,2,033c
2026-08-20 20:39:50,0x102,1,31
2026-08-20 20:39:51,0x100,1,18
2026-08-20 20:39:51,0x101,2,0320
2026-08-20 20:39:51,0x102,1,32
2026-08-20 20:39:52,0x100,1,1a
2026-08-20 20:39:52,0x101,2,0320
2026-08-20 20:39:52,0x102,1,31
2026-08-20 20:39:53,0x100,1,16
2026-08-20 20:39:53,0x101,2,0320
2026-08-20 20:39:53,0x102,1,32
2026-08-20 20:39:54,0x100,1,15
2026-08-20 20:39:54,0x101,2,0355
2026-08-20 20:39:54,0x102,1,32
2026-08-20 20:39:55,0x100,1,15
2026-08-20 20:39:55,0x101,2,0324
2026-08-20 20:39:55,0x102,1,33
2026-08-20 20:39:56,0x100,1,1a
2026-08-20 20:39:56,0x101,2,03a3
2026-08-20 20:39:56,0x102,1,32
2026-08-20 20:39:57,0x100,1,1e
2026-08-20 20:39:57,0x101,2,032b
2026-08-20 20:39:57,0x102,1,32
2026-08-20 20:39:58,0x100,1,23
2026-08-20 20:39:58,0x101,2,038c
2026-08-20 20:39:58,0x102,1,32
2026-08-20 20:39:59,0x100,1,23
2026-08-20 20:39:59,0x101,2,0397
2026-08-20 20:39:59,0x102,1,32
2026-08-20 20:40:00,0x100,1,21
2026-08-20 20:40:00,0x101,2,0320
2026-08-20 20:40:00,0x102,1,33
2026-08-20 20:40:01,0x100,1,22
2026-08-20 20:40:01,0x101,2,0362
2026-08-20 20:40:01,0x102,1,34
2026-08-20 20:40:02,0x100,1,26
2026-08-20 20:40:02,0x101,2,0375
2026-08-20 20:40:02,0x102,1,34
2026-08-20 20:40:03,0x100,1,26
2026-08-20 20:40:03,0x101,2,0330
2026-08-20 20:40:03,0x102,1,34
2026-08-20 20:40:04,0x100,1,22
2026-08-20 20:40:04,0x101,2,039f
2026-08-20 20:40:04,0x102,1,34
2026-08-20 20:40:05,0x100,1,24
2026-08-20 20:40:05,0x101,2,03ce
2026-08-20 20:40:05,0x102,1,34
2026-08-20 20:40:06,0x100,1,25
2026-08-20 20:40:06,0x101,2,0424
2026-08-20 20:40:06,0x102,1,35
2026-08-20 20:40:07,0x100,1,28
2026-08-20 20:40:07,0x101,2,03ca
2026-08-20 20:40:07,0x102,1,34
2026-08-20 20:40:08,0x100,1,28
2026-08-20 20:40:08,0x101,2,0405
2026-08-20 20:40:08,0x102,1,33
2026-08-20 20:40:09,0x100,1,26
2026-08-20 20:40:09,0x101,2,044b
2026-08-20 20:40:09,0x102,1,33
2026-08-20 20:40:10,0x100,1,2a
2026-08-20 20:40:10,0x101,2,04c7
2026-08-20 20:40:10,0x102,1,32
2026-08-20 20:40:11,0x100,1,2b
2026-08-20 20:40:11,0x101,2,04f6
2026-08-20 20:40:11,0x102,1,32
2026-08-20 20:40:12,0x100,1,30
2026-08-20 20:40:12,0x101,2,04fa
2026-08-20 20:40:12,0x102,1,31
2026-08-20 20:40:13,0x100,1,2f
2026-08-20 20:40:13,0x101,2,0538
2026-08-20 20:40:13,0x102,1,31
2026-08-20 20:40:14,0x100,1,2f
2026-08-20 20:40:14,0x101,2,0584
2026-08-20 20:40:14,0x102,1,31
2026-08-20 20:40:15,0x100,1,32
2026-08-20 20:40:15,0x101,2,04f4
2026-08-20 20:40:15,0x102,1,30
2026-08-20 20:40:16,0x100,1,32
2026-08-20 20:40:16,0x101,2,04ab
2026-08-20 20:40:16,0x102,1,2f
2026-08-20 20:40:17,0x100,1,36
2026-08-20 20:40:17,0x101,2,046a
2026-08-20 20:40:17,0x102,1,2e
2026-08-20 20:40:18,0x100,1,34
2026-08-20 20:40:18,0x101,2,03ee
2026-08-20 20:40:18,0x102,1,2f
2026-08-20 20:40:19,0x100,1,35
2026-08-20 20:40:19,0x101,2,0404
2026-08-20 20:40:19,0x102,1,2e
2026-08-20 20:40:20,0x100,1,33
2026-08-20 20:40:20,0x101,2,038c
2026-08-20 20:40:20,0x102,1,2e
2026-08-20 20:40:21,0x100,1,2f
2026-08-20 20:40:21,0x101,2,033e
2026-08-20 20:40:21,0x102,1,2d
2026-08-20 20:40:22,0x100,1,34
2026-08-20 20:40:22,0x101,2,038a
2026-08-20 20:40:22,0x102,1,2c
2026-08-20 20:40:23,0x100,1,37
2026-08-20 20:40:23,0x101,2,033c
2026-08-20 20:40:23,0x102,1,2b
2026-08-20 20:40:24,0x100,1,34
2026-08-20 20:40:24,0x101,2,0320
2026-08-20 20:40:24,0x102,1,2b
2026-08-20 20:40:25,0x100,1,30
2026-08-20 20:40:25,0x101,2,038e
2026-08-20 20:40:25,0x102,1,2c
2026-08-20 20:40:26,0x100,1,31
2026-08-20 20:40:26,0x101,2,040b
2026-08-20 20:40:26,0x102,1,2c
2026-08-20 20:40:27,0x100,1,2f
2026-08-20 20:40:27,0x101,2,03f3
2026-08-20 20:40:27,0x102,1,2c
2026-08-20 20:40:28,0x100,1,2b
2026-08-20 20:40:28,0x101,2,03a3
2026-08-20 20:40:28,0x102,1,2c
2026-08-20 20:40:29,0x100,1,2d
2026-08-20 20:40:29,0x101,2,039b
2026-08-20 20:40:29,0x102,1,2c
2026-08-20 20:40:30,0x100,1,29
2026-08-20 20:40:30,0x101,2,03aa
2026-08-20 20:40:30,0x102,1,2b
2026-08-20 20:40:31,0x100,1,28
2026-08-20 20:40:31,0x101,2,0395
2026-08-20 20:40:31,0x102,1,2b
2026-08-20 20:40:32,0x100,1,24
2026-08-20 20:40:32,0x101,2,03c0
2026-08-20 20:40:32,0x102,1,2b
2026-08-20 20:40:33,0x100,1,22
2026-08-20 20:40:33,0x101,2,03f9
2026-08-20 20:40:33,0x102,1,2c
2026-08-20 20:40:34,0x100,1,25
2026-08-20 20:40:34,0x101,2,0449
2026-08-20 20:40:34,0x102,1,2b
2026-08-20 20:40:35,0x100,1,29
2026-08-20 20:40:35,0x101,2,03f7
2026-08-20 20:40:35,0x102,1,2c
2026-08-20 20:40:36,0x100,1,29
2026-08-20 20:40:36,0x101,2,03d8
2026-08-20 20:40:36,0x102,1,2b
2026-08-20 20:40:37,0x100,1,24
2026-08-20 20:40:37,0x101,2,0371
2026-08-20 20:40:37,0x102,1,2b
2026-08-20 20:40:38,0x100,1,22
2026-08-20 20:40:38,0x101,2,03ec
2026-08-20 20:40:38,0x102,1,2a
2026-08-20 20:40:39,0x100,1,1f
2026-08-20 20:40:39,0x101,2,0442
2026-08-20 20:40:39,0x102,1,2a
2026-08-20 20:40:40,0x100,1,21
2026-08-20 20:40:40,0x101,2,04af
2026-08-20 20:40:40,0x102,1,2a
2026-08-20 20:40:41,0x100,1,1c
2026-08-20 20:40:41,0x101,2,047f
2026-08-20 20:40:41,0x102,1,2a
2026-08-20 20:40:42,0x100,1,1f
2026-08-20 20:40:42,0x101,2,03fb
2026-08-20 20:40:42,0x102,1,2a
2026-08-20 20:40:43,0x100,1,20
2026-08-20 20:40:43,0x101,2,0434
2026-08-20 20:40:43,0x102,1,29
2026-08-20 20:40:44,0x100,1,1d
2026-08-20 20:40:44,0x101,2,03b9
2026-08-20 20:40:44,0x102,1,29
2026-08-20 20:40:45,0x100,1,18
2026-08-20 20:40:45,0x101,2,042e
2026-08-20 20:40:45,0x102,1,2a
2026-08-20 20:40:46,0x100,1,19
2026-08-20 20:40:46,0x101,2,03ce
2026-08-20 20:40:46,0x102,1,2a
2026-08-20 20:40:47,0x100,1,14
2026-08-20 20:40:47,0x101,2,045a
2026-08-20 20:40:47,0x102,1,2a
2026-08-20 20:40:48,0x100,1,15
2026-08-20 20:40:48,0x101,2,04b8
2026-08-20 20:40:48,0x102,1,2a
2026-08-20 20:40:49,0x100,1,12
2026-08-20 20:40:49,0x101,2,0484
2026-08-20 20:40:49,0x102,1,2b
2026-08-20 20:40:50,0x100,1,0e
2026-08-20 20:40:50,0x101,2,0497
2026-08-20 20:40:50,0x102,1,2a
2026-08-20 20:40:51,0x100,1,11
2026-08-20 20:40:51,0x101,2,0488
2026-08-20 20:40:51,0x102,1,2a
2026-08-20 20:40:52,0x100,1,14
2026-08-20 20:40:52,0x101,2,0409
2026-08-20 20:40:52,0x102,1,2b
2026-08-20 20:40:53,0x100,1,13
2026-08-20 20:40:53,0x101,2,03e2
2026-08-20 20:40:53,0x102,1,2a
2026-08-20 20:40:54,0x100,1,14
2026-08-20 20:40:54,0x101,2,0373
2026-08-20 20:40:54,0x102,1,29
2026-08-20 20:40:55,0x100,1,0f
2026-08-20 20:40:55,0x101,2,0320
2026-08-20 20:40:55,0x102,1,28
2026-08-20 20:40:56,0x100,1,0f
2026-08-20 20:40:56,0x101,2,0392
2026-08-20 20:40:56,0x102,1,29
2026-08-20 20:40:57,0x100,1,0d
2026-08-20 20:40:57,0x101,2,03c3
2026-08-20 20:40:57,0x102,1,29
2026-08-20 20:40:58,0x100,1,0d
2026-08-20 20:40:58,0x101,2,044e
2026-08-20 20:40:58,0x102,1,29
2026-08-20 20:40:59,0x100,1,0f
2026-08-20 20:40:59,0x101,2,0407
2026-08-20 20:40:59,0x102,1,29
2026-08-20 20:41:00,0x100,1,11
2026-08-20 20:41:00,0x101,2,045e
2026-08-20 20:41:00,0x102,1,2a
2026-08-20 20:41:01,0x100,1,10
2026-08-20 20:41:01,0x101,2,047d
2026-08-20 20:41:01,0x102,1,2a
2026-08-20 20:41:02,0x100,1,12
2026-08-20 20:41:02,0x101,2,0462
2026-08-20 20:41:02,0x102,1,2b
2026-08-20 20:41:03,0x100,1,16
2026-08-20 20:41:03,0x101,2,04a1
2026-08-20 20:41:03,0x102,1,2b
2026-08-20 20:41:04,0x100,1,1a
2026-08-20 20:41:04,0x101,2,0485
2026-08-20 20:41:04,0x102,1,2a
2026-08-20 20:41:05,0x100,1,19
2026-08-20 20:41:05,0x101,2,0433
2026-08-20 20:41:05,0x102,1,29
2026-08-20 20:41:06,0x100,1,16
2026-08-20 20:41:06,0x101,2,042a
2026-08-20 20:41:06,0x102,1,2a
2026-08-20 20:41:07,0x100,1,12
2026-08-20 20:41:07,0x101,2,04b1
2026-08-20 20:41:07,0x102,1,2a
2026-08-20 20:41:08,0x100,1,0e
2026-08-20 20:41:08,0x101,2,0545
2026-08-20 20:41:08,0x102,1,2b
2026-08-20 20:41:09,0x100,1,0b
2026-08-20 20:41:09,0x101,2,0560
2026-08-20 20:41:09,0x102,1,2c
2026-08-20 20:41:10,0x100,1,0f
2026-08-20 20:41:10,0x101,2,0551
2026-08-20 20:41:10,0x102,1,2b
2026-08-20 20:41:11,0x100,1,0e
2026-08-20 20:41:11,0x101,2,0595
2026-08-20 20:41:11,0x102,1,2b
2026-08-20 20:41:12,0x100,1,0b
2026-08-20 20:41:12,0x101,2,05e8
2026-08-20 20:41:12,0x102,1,2c
2026-08-20 20:41:13,0x100,1,0a
2026-08-20 20:41:13,0x101,2,055d
2026-08-20 20:41:13,0x102,1,2b
2026-08-20 20:41:14,0x100,1,06
2026-08-20 20:41:14,0x101,2,05b2
2026-08-20 20:41:14,0x102,1,2c
2026-08-20 20:41:15,0x100,1,07
2026-08-20 20:41:15,0x101,2,05a2
2026-08-20 20:41:15,0x102,1,2b
2026-08-20 20:41:16,0x100,1,05
2026-08-20 20:41:16,0x101,2,0514
2026-08-20 20:41:16,0x102,1,2b
2026-08-20 20:41:17,0x100,1,07
2026-08-20 20:41:17,0x101,2,04bd
2026-08-20 20:41:17,0x102,1,2c
2026-08-20 20:41:18,0x100,1,05
2026-08-20 20:41:18,0x101,2,0525
2026-08-20 20:41:18,0x102,1,2b
2026-08-20 20:41:19,0x100,1,06
2026-08-20 20:41:19,0x101,2,058d
2026-08-20 20:41:19,0x102,1,2b
2026-08-20 20:41:20,0x100,1,0b
2026-08-20 20:41:20,0x101,2,056f
2026-08-20 20:41:20,0x102,1,2c
2026-08-20 20:41:21,0x100,1,07
2026-08-20 20:41:21,0x101,2,0592
2026-08-20 20:41:21,0x102,1,2d
2026-08-20 20:41:22,0x100,1,07
2026-08-20 20:41:22,0x101,2,05e8
2026-08-20 20:41:22,0x102,1,2d
2026-08-20 20:41:23,0x100,1,06
2026-08-20 20:41:23,0x101,2,0617
2026-08-20 20:41:23,0x102,1,2d
2026-08-20 20:42:37,0x100,1,2c
2026-08-20 20:42:37,0x101,2,0557
2026-08-20 20:42:37,0x102,1,3b
2026-08-20 20:42:38,0x100,1,28
2026-08-20 20:42:38,0x101,2,04ed
2026-08-20 20:42:38,0x102,1,3b
2026-08-20 20:42:39,0x100,1,2c
2026-08-20 20:42:39,0x101,2,0558
2026-08-20 20:42:39,0x102,1,3b
2026-08-20 20:42:40,0x100,1,2e
2026-08-20 20:42:40,0x101,2,050d
2026-08-20 20:42:40,0x102,1,3b
2026-08-20 20:42:41,0x100,1,2a
2026-08-20 20:42:41,0x101,2,0494
2026-08-20 20:42:41,0x102,1,3b
2026-08-20 20:42:42,0x100,1,2a
2026-08-20 20:42:42,0x101,2,04dd
2026-08-20 20:42:42,0x102,1,3c
2026-08-20 20:42:43,0x100,1,29
2026-08-20 20:42:43,0x101,2,0497
2026-08-20 20:42:43,0x102,1,3b
2026-08-20 20:42:44,0x100,1,24
2026-08-20 20:42:44,0x101,2,04ae
2026-08-20 20:42:44,0x102,1,3c
2026-08-20 20:42:45,0x100,1,24
2026-08-20 20:42:45,0x101,2,04ea
2026-08-20 20:42:45,0x102,1,3c
2026-08-20 20:42:46,0x100,1,25
2026-08-20 20:42:46,0x101,2,0530
2026-08-20 20:42:46,0x102,1,3c
2026-08-20 20:42:47,0x100,1,27
2026-08-20 20:42:47,0x101,2,04c6
2026-08-20 20:42:47,0x102,1,3b
2026-08-20 20:42:48,0x100,1,22
2026-08-20 20:42:48,0x101,2,0529
2026-08-20 20:42:48,0x102,1,3c
2026-08-20 20:42:49,0x100,1,27
2026-08-20 20:42:49,0x101,2,04c2
2026-08-20 20:42:49,0x102,1,3d
2026-08-20 20:42:50,0x100,1,2b
2026-08-20 20:42:50,0x101,2,049f
2026-08-20 20:42:50,0x102,1,3c
2026-08-20 20:42:51,0x100,1,2a
2026-08-20 20:42:51,0x101,2,052b
2026-08-20 20:42:51,0x102,1,3d
2026-08-20 20:42:52,0x100,1,27
2026-08-20 20:42:52,0x101,2,0533
2026-08-20 20:42:52,0x102,1,3d
2026-08-20 20:43:06,0x100,1,23
2026-08-20 20:43:06,0x101,2,057b
2026-08-20 20:43:06,0x102,1,3b
2026-08-20 20:43:07,0x100,1,23
2026-08-20 20:43:07,0x101,2,0534
2026-08-20 20:43:07,0x102,1,3a
2026-08-20 20:43:08,0x100,1,21
2026-08-20 20:43:08,0x101,2,053a
2026-08-20 20:43:08,0x102,1,3a
2026-08-20 20:43:09,0x100,1,20
2026-08-20 20:43:09,0x101,2,05a2
2026-08-20 20:43:09,0x102,1,39
2026-08-20 20:43:10,0x100,1,1e
2026-08-20 20:43:10,0x101,2,060f
2026-08-20 20:43:10,0x102,1,3a
2026-08-20 20:43:11,0x100,1,21
2026-08-20 20:43:11,0x101,2,05b2
2026-08-20 20:43:11,0x102,1,39
2026-08-20 20:43:12,0x100,1,23
2026-08-20 20:43:12,0x101,2,05d2
2026-08-20 20:43:12,0x102,1,3a
2026-08-20 20:43:44,0x100,1,24
2026-08-20 20:43:44,0x101,2,060d
2026-08-20 20:43:44,0x102,1,3b
2026-08-20 20:43:45,0x100,1,26
2026-08-20 20:43:45,0x101,2,0663
2026-08-20 20:43:45,0x102,1,3b
2026-08-20 20:43:46,0x100,1,24
2026-08-20 20:43:46,0x101,2,0666
2026-08-20 20:43:46,0x102,1,3c
2026-08-20 20:43:47,0x100,1,23
2026-08-20 20:43:47,0x101,2,0642
2026-08-20 20:43:47,0x102,1,3c
2026-08-20 20:43:48,0x100,1,21
2026-08-20 20:43:48,0x101,2,061d
2026-08-20 20:43:48,0x102,1,3d
2026-08-20 20:43:49,0x100,1,23
2026-08-20 20:43:49,0x101,2,0604
2026-08-20 20:43:49,0x102,1,3e
2026-08-20 20:43:50,0x100,1,25
2026-08-20 20:43:50,0x101,2,0679
2026-08-20 20:43:50,0x102,1,3e
2026-08-20 20:43:51,0x100,1,24
2026-08-20 20:43:51,0x101,2,0690
2026-08-20 20:43:51,0x102,1,3d
2026-08-20 20:43:52,0x100,1,21
2026-08-20 20:43:52,0x101,2,060f
2026-08-20 20:43:52,0x102,1,3d
2026-08-20 20:43:53,0x100,1,24
2026-08-20 20:43:53,0x101,2,0609
2026-08-20 20:43:53,0x102,1,3d
2026-08-20 20:43:54,0x100,1,28
2026-08-20 20:43:54,0x101,2,05fb
2026-08-20 20:43:54,0x102,1,3c
2026-08-20 20:43:55,0x100,1,27
2026-08-20 20:43:55,0x101,2,0633
2026-08-20 20:43:55,0x102,1,3c
2026-08-20 20:43:56,0x100,1,23
2026-08-20 20:43:56,0x101,2,06c1
2026-08-20 20:43:56,0x102,1,3d
2026-08-20 20:43:57,0x100,1,20
2026-08-20 20:43:57,0x101,2,0728
2026-08-20 20:43:57,0x102,1,3d
2026-08-20 20:43:58,0x100,1,25
2026-08-20 20:43:58,0x101,2,07aa
2026-08-20 20:43:58,0x102,1,3c
2026-08-20 20:43:59,0x100,1,23
2026-08-20 20:43:59,0x101,2,071a
2026-08-20 20:43:59,0x102,1,3c
2026-08-20 20:44:00,0x100,1,24
2026-08-20 20:44:00,0x101,2,078d
2026-08-20 20:44:00,0x102,1,3b
2026-08-20 20:44:01,0x100,1,27
2026-08-20 20:44:01,0x101,2,073c
2026-08-20 20:44:01,0x102,1,3a
2026-08-20 20:44:02,0x100,1,23
2026-08-20 20:44:02,0x101,2,071f
2026-08-20 20:44:02,0x102,1,3b
2026-08-20 20:44:03,0x100,1,20
2026-08-20 20:44:03,0x101,2,068d
2026-08-20 20:44:03,0x102,1,3c
2026-08-20 20:44:03,0x200,4,aabbccdd
2026-08-20 20:44:04,0x100,1,1f
2026-08-20 20:44:04,0x101,2,0667
2026-08-20 20:44:04,0x102,1,3d
2026-08-20 20:44:05,0x100,1,1d
2026-08-20 20:44:05,0x101,2,069e
2026-08-20 20:44:05,0x102,1,3c
2026-08-20 20:44:06,0x100,1,18
2026-08-20 20:44:06,0x101,2,066d
2026-08-20 20:44:06,0x102,1,3c
2026-08-20 20:44:07,0x100,1,15
2026-08-20 20:44:07,0x101,2,05dc
2026-08-20 20:44:07,0x102,1,3d
2026-08-20 20:44:08,0x100,1,16
2026-08-20 20:44:08,0x101,2,05cc
2026-08-20 20:44:08,0x102,1,3c
2026-08-20 20:44:09,0x100,1,18
2026-08-20 20:44:09,0x101,2,0653
2026-08-20 20:44:09,0x102,1,3d
2026-08-20 20:44:10,0x100,1,18
2026-08-20 20:44:10,0x101,2,0668
2026-08-20 20:44:10,0x102,1,3e
2026-08-20 20:44:11,0x100,1,16
2026-08-20 20:44:11,0x101,2,06c4
2026-08-20 20:44:11,0x102,1,3e
2026-08-20 20:44:12,0x100,1,13
2026-08-20 20:44:12,0x101,2,06e1
2026-08-20 20:44:12,0x102,1,3e
2026-08-20 20:44:13,0x100,1,13
2026-08-20 20:44:13,0x101,2,0734
2026-08-20 20:44:13,0x102,1,3f
2026-08-20 20:44:14,0x100,1,13
2026-08-20 20:44:14,0x101,2,07c1
2026-08-20 20:44:14,0x102,1,3e
2026-08-20 20:44:15,0x100,1,10
2026-08-20 20:44:15,0x101,2,0763
2026-08-20 20:44:15,0x102,1,3e
2026-08-20 20:44:16,0x100,1,0d
2026-08-20 20:44:16,0x101,2,06e3
2026-08-20 20:44:16,0x102,1,3e
2026-08-20 20:44:17,0x100,1,0b
2026-08-20 20:44:17,0x101,2,0707
2026-08-20 20:44:17,0x102,1,3d
2026-08-20 20:44:18,0x100,1,07
2026-08-20 20:44:18,0x101,2,06a1
2026-08-20 20:44:18,0x102,1,3d
2026-08-20 20:44:19,0x100,1,0c
2026-08-20 20:44:19,0x101,2,064c
2026-08-20 20:44:19,0x102,1,3e
2026-08-20 20:44:20,0x100,1,0d
2026-08-20 20:44:20,0x101,2,05f1
2026-08-20 20:44:20,0x102,1,3d
2026-08-20 20:44:21,0x100,1,0d
2026-08-20 20:44:21,0x101,2,05cc
2026-08-20 20:44:21,0x102,1,3e
2026-08-20 20:44:22,0x100,1,10
2026-08-20 20:44:22,0x101,2,0605
2026-08-20 20:44:22,0x102,1,3f
2026-08-20 20:44:23,0x100,1,0e
2026-08-20 20:44:23,0x101,2,0593
2026-08-20 20:44:23,0x102,1,3f
2026-08-20 20:44:24,0x100,1,0b
2026-08-20 20:44:24,0x101,2,0519
2026-08-20 20:44:24,0x102,1,40
2026-08-20 20:44:25,0x100,1,0d
2026-08-20 20:44:25,0x101,2,049f
2026-08-20 20:44:25,0x102,1,3f
2026-08-20 20:44:26,0x100,1,0a
2026-08-20 20:44:26,0x101,2,04c4
2026-08-20 20:44:26,0x102,1,3f
2026-08-20 20:44:27,0x100,1,0a
2026-08-20 20:44:27,0x101,2,04d5
2026-08-20 20:44:27,0x102,1,3f
2026-08-20 20:44:28,0x100,1,0d
2026-08-20 20:44:28,0x101,2,04cf
2026-08-20 20:44:28,0x102,1,3f
2026-08-20 20:44:29,0x100,1,0b
2026-08-20 20:44:29,0x101,2,0514
2026-08-20 20:44:29,0x102,1,3e
2026-08-20 20:44:29,0x200,4,aabbccdd
2026-08-20 20:44:30,0x100,1,09
2026-08-20 20:44:30,0x101,2,04d1
2026-08-20 20:44:30,0x102,1,3f
2026-08-20 20:44:31,0x100,1,06
2026-08-20 20:44:31,0x101,2,0499
2026-08-20 20:44:31,0x102,1,3f
2026-08-20 20:44:32,0x100,1,08
2026-08-20 20:44:32,0x101,2,0522
2026-08-20 20:44:32,0x102,1,3e
2026-08-20 20:44:33,0x100,1,09
2026-08-20 20:44:33,0x101,2,054a
2026-08-20 20:44:33,0x102,1,3f
2026-08-20 20:44:34,0x100,1,0b
2026-08-20 20:44:34,0x101,2,04e8
2026-08-20 20:44:34,0x102,1,3f
2026-08-20 20:44:35,0x100,1,07
2026-08-20 20:44:35,0x101,2,045e
2026-08-20 20:44:35,0x102,1,40
2026-08-20 20:44:36,0x100,1,04
2026-08-20 20:44:36,0x101,2,0428
2026-08-20 20:44:36,0x102,1,40
2026-08-20 20:44:37,0x100,1,05
2026-08-20 20:44:37,0x101,2,0447
2026-08-20 20:44:37,0x102,1,3f
2026-08-20 20:44:38,0x100,1,0a
2026-08-20 20:44:38,0x101,2,03f5
2026-08-20 20:44:38,0x102,1,40
2026-08-20 20:44:39,0x100,1,0b
2026-08-20 20:44:39,0x101,2,0374
2026-08-20 20:44:39,0x102,1,41
2026-08-20 20:44:40,0x100,1,0e
2026-08-20 20:44:40,0x101,2,034c
2026-08-20 20:44:40,0x102,1,40
2026-08-20 20:44:41,0x100,1,11
2026-08-20 20:44:41,0x101,2,0320
2026-08-20 20:44:41,0x102,1,41
2026-08-20 20:44:42,0x100,1,0d
2026-08-20 20:44:42,0x101,2,0322
2026-08-20 20:44:42,0x102,1,41
2026-08-20 20:44:43,0x100,1,0f
2026-08-20 20:44:43,0x101,2,0320
2026-08-20 20:44:43,0x102,1,41
2026-08-20 20:46:27,0x100,1,24
2026-08-20 20:46:27,0x101,2,05d3
2026-08-20 20:46:27,0x102,1,3c
2026-08-20 20:46:27,0x100,1,26
2026-08-20 20:46:27,0x101,2,05af
2026-08-20 20:46:27,0x102,1,3b
2026-08-20 20:46:27,0x100,1,27
2026-08-20 20:46:27,0x101,2,0536
2026-08-20 20:46:27,0x102,1,3b
2026-08-20 20:46:27,0x100,1,2c
2026-08-20 20:46:27,0x101,2,04eb
2026-08-20 20:46:27,0x102,1,3b
2026-08-20 20:46:27,0x100,1,2b
2026-08-20 20:46:27,0x101,2,052b
2026-08-20 20:46:27,0x102,1,3a
2026-08-20 20:46:28,0x100,1,28
2026-08-20 20:46:28,0x101,2,04ee
2026-08-20 20:46:28,0x102,1,3b
2026-08-20 20:46:28,0x100,1,2b
2026-08-20 20:46:28,0x101,2,0491
2026-08-20 20:46:28,0x102,1,3a
2026-08-20 20:46:28,0x100,1,2b
2026-08-20 20:46:28,0x101,2,04a7
2026-08-20 20:46:28,0x102,1,3b
2026-08-20 20:46:28,0x100,1,30
2026-08-20 20:46:28,0x101,2,04a2
2026-08-20 20:46:28,0x102,1,3a
2026-08-20 20:46:28,0x100,1,34
2026-08-20 20:46:28,0x101,2,04af
2026-08-20 20:46:28,0x102,1,3b
2026-08-20 20:46:28,0x100,1,33
2026-08-20 20:46:28,0x101,2,041e
2026-08-20 20:46:28,0x102,1,3c
2026-08-20 20:46:28,0x100,1,31
2026-08-20 20:46:28,0x101,2,0482
2026-08-20 20:46:28,0x102,1,3c
2026-08-20 20:46:28,0x100,1,30
2026-08-20 20:46:28,0x101,2,043a
2026-08-20 20:46:28,0x102,1,3b
2026-08-20 20:46:28,0x100,1,30
2026-08-20 20:46:28,0x101,2,0494
2026-08-20 20:46:28,0x102,1,3c
2026-08-20 20:46:28,0x100,1,34
2026-08-20 20:46:28,0x101,2,04c4
2026-08-20 20:46:28,0x102,1,3c
2026-08-20 20:46:28,0x100,1,37
2026-08-20 20:46:28,0x101,2,048a
2026-08-20 20:46:28,0x102,1,3c
2026-08-20 20:46:28,0x100,1,3b
2026-08-20 20:46:28,0x101,2,0409
2026-08-20 20:46:28,0x102,1,3b
2026-08-20 20:46:28,0x100,1,3a
2026-08-20 20:46:28,0x101,2,03bf
2026-08-20 20:46:28,0x102,1,3b
2026-08-20 20:46:28,0x100,1,37
2026-08-20 20:46:28,0x101,2,0366
2026-08-20 20:46:28,0x102,1,3c
2026-08-20 20:46:28,0x100,1,36
2026-08-20 20:46:28,0x101,2,0320
2026-08-20 20:46:28,0x102,1,3c
2026-08-20 20:46:28,0x100,1,38
2026-08-20 20:46:28,0x101,2,033a
2026-08-20 20:46:28,0x102,1,3d
2026-08-20 20:46:28,0x100,1,34
2026-08-20 20:46:28,0x101,2,0370
2026-08-20 20:46:28,0x102,1,3e
2026-08-20 20:46:28,0x100,1,37
2026-08-20 20:46:28,0x101,2,03bc
2026-08-20 20:46:28,0x102,1,3d
2026-08-20 20:46:28,0x100,1,34
2026-08-20 20:46:28,0x101,2,03b8
2026-08-20 20:46:28,0x102,1,3e
2026-08-20 20:46:28,0x100,1,37
2026-08-20 20:46:28,0x101,2,0384
2026-08-20 20:46:28,0x102,1,3e
2026-08-20 20:46:29,0x100,1,37
2026-08-20 20:46:29,0x101,2,0404
2026-08-20 20:46:29,0x102,1,3e
2026-08-20 20:46:29,0x100,1,32
2026-08-20 20:46:29,0x101,2,0458
2026-08-20 20:46:29,0x102,1,3e
2026-08-20 20:46:29,0x100,1,31
2026-08-20 20:46:29,0x101,2,042e
2026-08-20 20:46:29,0x102,1,3d
2026-08-20 20:46:29,0x100,1,32
2026-08-20 20:46:29,0x101,2,040e
2026-08-20 20:46:29,0x102,1,3c
2026-08-20 20:46:29,0x100,1,36
2026-08-20 20:46:29,0x101,2,03b4
2026-08-20 20:46:29,0x102,1,3d
2026-08-20 20:46:29,0x100,1,3a
2026-08-20 20:46:29,0x101,2,039b
2026-08-20 20:46:29,0x102,1,3d
2026-08-20 20:46:29,0x100,1,3d
2026-08-20 20:46:29,0x101,2,03b6
2026-08-20 20:46:29,0x102,1,3d
2026-08-20 20:46:29,0x100,1,38
2026-08-20 20:46:29,0x101,2,03fa
2026-08-20 20:46:29,0x102,1,3e
2026-08-20 20:46:29,0x100,1,3d
2026-08-20 20:46:29,0x101,2,045d
2026-08-20 20:46:29,0x102,1,3e
2026-08-20 20:46:29,0x100,1,40
2026-08-20 20:46:29,0x101,2,046f
2026-08-20 20:46:29,0x102,1,3d
2026-08-20 20:46:29,0x100,1,3b
2026-08-20 20:46:29,0x101,2,0485
2026-08-20 20:46:29,0x102,1,3d
2026-08-20 20:46:29,0x100,1,39
2026-08-20 20:46:29,0x101,2,0441
2026-08-20 20:46:29,0x102,1,3c
2026-08-20 20:46:29,0x100,1,34
2026-08-20 20:46:29,0x101,2,049e
2026-08-20 20:46:29,0x102,1,3d
2026-08-20 20:46:29,0x100,1,34
2026-08-20 20:46:29,0x101,2,04cd
2026-08-20 20:46:29,0x102,1,3d
2026-08-20 20:46:29,0x100,1,32
2026-08-20 20:46:29,0x101,2,04ee
2026-08-20 20:46:29,0x102,1,3e
2026-08-20 20:46:29,0x100,1,31
2026-08-20 20:46:29,0x101,2,04a2
2026-08-20 20:46:29,0x102,1,3d
2026-08-20 20:46:29,0x100,1,34
2026-08-20 20:46:29,0x101,2,04ce
2026-08-20 20:46:29,0x102,1,3e
2026-08-20 20:46:29,0x100,1,39
2026-08-20 20:46:29,0x101,2,04f4
2026-08-20 20:46:29,0x102,1,3e
2026-08-20 20:46:29,0x100,1,3c
2026-08-20 20:46:29,0x101,2,0584
2026-08-20 20:46:29,0x102,1,3e
2026-08-20 20:46:29,0x100,1,3c
2026-08-20 20:46:29,0x101,2,053d
2026-08-20 20:46:29,0x102,1,3d
2026-08-20 20:46:30,0x100,1,3a
2026-08-20 20:46:30,0x101,2,05b9
2026-08-20 20:46:30,0x102,1,3c
2026-08-20 20:46:30,0x100,1,38
2026-08-20 20:46:30,0x101,2,05c7
2026-08-20 20:46:30,0x102,1,3c
2026-08-20 20:46:30,0x100,1,35
2026-08-20 20:46:30,0x101,2,0654
2026-08-20 20:46:30,0x102,1,3b
2026-08-20 20:46:30,0x100,1,37
2026-08-20 20:46:30,0x101,2,05c2
2026-08-20 20:46:30,0x102,1,3a
2026-08-20 20:46:30,0x100,1,37
2026-08-20 20:46:30,0x101,2,05eb
2026-08-20 20:46:30,0x102,1,3a
2026-08-20 20:46:30,0x100,1,35
2026-08-20 20:46:30,0x101,2,059d
2026-08-20 20:46:30,0x102,1,3a
2026-08-20 20:46:30,0x100,1,36
2026-08-20 20:46:30,0x101,2,05df
2026-08-20 20:46:30,0x102,1,3b
2026-08-20 20:46:30,0x100,1,39
2026-08-20 20:46:30,0x101,2,056e
2026-08-20 20:46:30,0x102,1,3b
2026-08-20 20:46:30,0x100,1,3c
2026-08-20 20:46:30,0x101,2,057f
2026-08-20 20:46:30,0x102,1,3b
2026-08-20 20:46:30,0x100,1,3b
2026-08-20 20:46:30,0x101,2,0609
2026-08-20 20:46:30,0x102,1,3b
2026-08-20 20:46:30,0x100,1,36
2026-08-20 20:46:30,0x101,2,05a2
2026-08-20 20:46:30,0x102,1,3b
2026-08-20 20:46:30,0x100,1,33
2026-08-20 20:46:30,0x101,2,0562
2026-08-20 20:46:30,0x102,1,3b
2026-08-20 20:46:30,0x100,1,36
2026-08-20 20:46:30,0x101,2,051e
2026-08-20 20:46:30,0x102,1,3b
2026-08-20 20:46:30,0x100,1,38
2026-08-20 20:46:30,0x101,2,04c5
2026-08-20 20:46:30,0x102,1,3a
2026-08-20 20:46:30,0x100,1,35
2026-08-20 20:46:30,0x101,2,04de
2026-08-20 20:46:30,0x102,1,3a
2026-08-20 20:46:30,0x100,1,31
2026-08-20 20:46:30,0x101,2,0555
2026-08-20 20:46:30,0x102,1,3a
2026-08-20 20:46:30,0x100,1,2e
2026-08-20 20:46:30,0x101,2,04f3
2026-08-20 20:46:30,0x102,1,39
2026-08-20 20:46:30,0x100,1,2b
2026-08-20 20:46:30,0x101,2,0477
2026-08-20 20:46:30,0x102,1,38
2026-08-20 20:46:30,0x100,1,28
2026-08-20 20:46:30,0x101,2,03f6
2026-08-20 20:46:30,0x102,1,39
2026-08-20 20:46:31,0x100,1,28
2026-08-20 20:46:31,0x101,2,0436
2026-08-20 20:46:31,0x102,1,3a
2026-08-20 20:46:31,0x100,1,24
2026-08-20 20:46:31,0x101,2,03a1
2026-08-20 20:46:31,0x102,1,3a
2026-08-20 20:46:31,0x100,1,26
2026-08-20 20:46:31,0x101,2,0420
2026-08-20 20:46:31,0x102,1,3a
2026-08-20 20:46:31,0x100,1,21
2026-08-20 20:46:31,0x101,2,0465
2026-08-20 20:46:31,0x102,1,3a
2026-08-20 20:46:31,0x100,1,26
2026-08-20 20:46:31,0x101,2,03fd
2026-08-20 20:46:31,0x102,1,3a
2026-08-20 20:46:31,0x100,1,25
2026-08-20 20:46:31,0x101,2,0390
2026-08-20 20:46:31,0x102,1,39
2026-08-20 20:46:31,0x100,1,28
2026-08-20 20:46:31,0x101,2,0320
2026-08-20 20:46:31,0x102,1,39
2026-08-20 20:46:31,0x100,1,29
2026-08-20 20:46:31,0x101,2,03ab
2026-08-20 20:46:31,0x102,1,39
2026-08-20 20:46:31,0x100,1,28
2026-08-20 20:46:31,0x101,2,0322
2026-08-20 20:46:31,0x102,1,39
2026-08-20 20:46:31,0x100,1,2a
2026-08-20 20:46:31,0x101,2,0346
2026-08-20 20:46:31,0x102,1,3a
2026-08-20 20:46:31,0x100,1,2b
2026-08-20 20:46:31,0x101,2,0371
2026-08-20 20:46:31,0x102,1,39
2026-08-20 20:46:31,0x100,1,2d
2026-08-20 20:46:31,0x101,2,0334
2026-08-20 20:46:31,0x102,1,38
2026-08-20 20:46:31,0x100,1,30
2026-08-20 20:46:31,0x101,2,0346
2026-08-20 20:46:31,0x102,1,38
2026-08-20 20:46:31,0x100,1,35
2026-08-20 20:46:31,0x101,2,0320
2026-08-20 20:46:31,0x102,1,39
2026-08-20 20:46:31,0x100,1,35
2026-08-20 20:46:31,0x101,2,0320
2026-08-20 20:46:31,0x102,1,39
2026-08-20 20:46:31,0x100,1,31
2026-08-20 20:46:31,0x101,2,0391
2026-08-20 20:46:31,0x102,1,38
2026-08-20 20:46:31,0x100,1,2d
2026-08-20 20:46:31,0x101,2,03fa
2026-08-20 20:46:31,0x102,1,37
2026-08-20 20:46:31,0x100,1,2b
2026-08-20 20:46:31,0x101,2,03c3
2026-08-20 20:46:31,0x102,1,37
2026-08-20 20:46:31,0x100,1,2c
2026-08-20 20:46:31,0x101,2,0404
2026-08-20 20:46:31,0x102,1,37
2026-08-20 20:46:31,0x100,1,2d
2026-08-20 20:46:31,0x101,2,0382
2026-08-20 20:46:31,0x102,1,38
2026-08-20 20:46:32,0x100,1,2e
2026-08-20 20:46:32,0x101,2,03ee
2026-08-20 20:46:32,0x102,1,37
2026-08-20 20:46:32,0x100,1,32
2026-08-20 20:46:32,0x101,2,0479
2026-08-20 20:46:32,0x102,1,36
2026-08-20 20:46:32,0x100,1,36
2026-08-20 20:46:32,0x101,2,04bf
2026-08-20 20:46:32,0x102,1,36
2026-08-20 20:46:32,0x100,1,33
2026-08-20 20:46:32,0x101,2,0531
2026-08-20 20:46:32,0x102,1,36
2026-08-20 20:46:32,0x100,1,38
2026-08-20 20:46:32,0x101,2,0541
2026-08-20 20:46:32,0x102,1,36
2026-08-20 20:46:32,0x100,1,34
2026-08-20 20:46:32,0x101,2,05bf
2026-08-20 20:46:32,0x102,1,36
2026-08-20 20:46:32,0x100,1,2f
2026-08-20 20:46:32,0x101,2,0546
2026-08-20 20:46:32,0x102,1,36
2026-08-20 20:46:32,0x100,1,2b
2026-08-20 20:46:32,0x101,2,04d9
2026-08-20 20:46:32,0x102,1,35
2026-08-20 20:46:32,0x100,1,29
2026-08-20 20:46:32,0x101,2,04bc
2026-08-20 20:46:32,0x102,1,35
2026-08-20 20:46:32,0x100,1,2b
2026-08-20 20:46:32,0x101,2,0474
2026-08-20 20:46:32,0x102,1,34
2026-08-20 20:46:32,0x100,1,28
2026-08-20 20:46:32,0x101,2,040a
2026-08-20 20:46:32,0x102,1,33
2026-08-20 20:46:32,0x100,1,27
2026-08-20 20:46:32,0x101,2,0467
2026-08-20 20:46:32,0x102,1,33
2026-08-20 20:46:32,0x100,1,2c
2026-08-20 20:46:32,0x101,2,03e2
2026-08-20 20:46:32,0x102,1,32
2026-08-20 20:46:32,0x100,1,2d
2026-08-20 20:46:32,0x101,2,037b
2026-08-20 20:46:32,0x102,1,32
2026-08-20 20:46:32,0x100,1,31
2026-08-20 20:46:32,0x101,2,037b
2026-08-20 20:46:32,0x102,1,32
2026-08-20 20:46:32,0x100,1,2c
2026-08-20 20:46:32,0x101,2,034c
2026-08-20 20:46:32,0x102,1,31
2026-08-20 20:46:32,0x100,1,29
2026-08-20 20:46:32,0x101,2,0383
2026-08-20 20:46:32,0x102,1,31
2026-08-20 20:46:32,0x100,1,2d
2026-08-20 20:46:32,0x101,2,03c9
2026-08-20 20:46:32,0x102,1,32
2026-08-20 20:46:32,0x100,1,2d
2026-08-20 20:46:32,0x101,2,0394
2026-08-20 20:46:32,0x102,1,32
2026-08-20 20:46:32,0x100,1,31
2026-08-20 20:46:32,0x101,2,0336
2026-08-20 20:46:32,0x102,1,32
2026-08-20 20:46:33,0x100,1,36
2026-08-20 20:46:33,0x101,2,03b0
2026-08-20 20:46:33,0x102,1,33
2026-08-20 20:46:33,0x100,1,34
2026-08-20 20:46:33,0x101,2,0324
2026-08-20 20:46:33,0x102,1,34
2026-08-20 20:46:33,0x100,1,32
2026-08-20 20:46:33,0x101,2,0359
2026-08-20 20:46:33,0x102,1,35
2026-08-20 20:46:33,0x100,1,33
2026-08-20 20:46:33,0x101,2,03a1
2026-08-20 20:46:33,0x102,1,35
2026-08-20 20:46:33,0x100,1,36
2026-08-20 20:46:33,0x101,2,033f
2026-08-20 20:46:33,0x102,1,35
2026-08-20 20:46:33,0x100,1,33
2026-08-20 20:46:33,0x101,2,032d
2026-08-20 20:46:33,0x102,1,34
2026-08-20 20:46:33,0x100,1,31
2026-08-20 20:46:33,0x101,2,0333
2026-08-20 20:46:33,0x102,1,34
2026-08-20 20:46:33,0x100,1,30
2026-08-20 20:46:33,0x101,2,0320
2026-08-20 20:46:33,0x102,1,34
2026-08-20 20:46:33,0x100,1,34
2026-08-20 20:46:33,0x101,2,0380
2026-08-20 20:46:33,0x102,1,33
2026-08-20 20:46:33,0x100,1,35
2026-08-20 20:46:33,0x101,2,0412
2026-08-20 20:46:33,0x102,1,34
2026-08-20 20:46:33,0x100,1,35
2026-08-20 20:46:33,0x101,2,040c
2026-08-20 20:46:33,0x102,1,33
2026-08-20 20:46:33,0x100,1,36
2026-08-20 20:46:33,0x101,2,0499
2026-08-20 20:46:33,0x102,1,32
2026-08-20 20:46:33,0x100,1,37
2026-08-20 20:46:33,0x101,2,04e1
2026-08-20 20:46:33,0x102,1,32
2026-08-20 20:46:33,0x100,1,3c
2026-08-20 20:46:33,0x101,2,04e9
2026-08-20 20:46:33,0x102,1,32
2026-08-20 20:46:33,0x100,1,3f
2026-08-20 20:46:33,0x101,2,057c
2026-08-20 20:46:33,0x102,1,31
2026-08-20 20:46:33,0x100,1,3e
2026-08-20 20:46:33,0x101,2,05cc
2026-08-20 20:46:33,0x102,1,30
2026-08-20 20:46:33,0x100,1,39
2026-08-20 20:46:33,0x101,2,05d3
2026-08-20 20:46:33,0x102,1,2f
2026-08-20 20:46:33,0x100,1,39
2026-08-20 20:46:33,0x101,2,05db
2026-08-20 20:46:33,0x102,1,30
2026-08-20 20:46:33,0x100,1,35
2026-08-20 20:46:33,0x101,2,05aa
2026-08-20 20:46:33,0x102,1,2f
2026-08-20 20:46:33,0x100,1,32
2026-08-20 20:46:33,0x101,2,057c
2026-08-20 20:46:33,0x102,1,30
2026-08-20 20:46:34,0x100,1,2f
2026-08-20 20:46:34,0x101,2,0506
2026-08-20 20:46:34,0x102,1,30
2026-08-20 20:46:34,0x100,1,2c
2026-08-20 20:46:34,0x101,2,052e
2026-08-20 20:46:34,0x102,1,30
2026-08-20 20:46:34,0x100,1,29
2026-08-20 20:46:34,0x101,2,0518
2026-08-20 20:46:34,0x102,1,2f
2026-08-20 20:46:34,0x100,1,28
2026-08-20 20:46:34,0x101,2,04dd
2026-08-20 20:46:34,0x102,1,2f
2026-08-20 20:46:34,0x100,1,2a
2026-08-20 20:46:34,0x101,2,047c
2026-08-20 20:46:34,0x102,1,2f
2026-08-20 20:46:34,0x100,1,2d
2026-08-20 20:46:34,0x101,2,049d
2026-08-20 20:46:34,0x102,1,30
2026-08-20 20:46:34,0x100,1,28
2026-08-20 20:46:34,0x101,2,0462
2026-08-20 20:46:34,0x102,1,2f
2026-08-20 20:46:34,0x100,1,2b
2026-08-20 20:46:34,0x101,2,042e
2026-08-20 20:46:34,0x102,1,30
2026-08-20 20:46:34,0x100,1,29
2026-08-20 20:46:34,0x101,2,044f
2026-08-20 20:46:34,0x102,1,30
2026-08-20 20:46:34,0x100,1,27
2026-08-20 20:46:34,0x101,2,03d4
2026-08-20 20:46:34,0x102,1,31
2026-08-20 20:46:34,0x100,1,29
2026-08-20 20:46:34,0x101,2,03d1
2026-08-20 20:46:34,0x102,1,31
2026-08-20 20:46:34,0x100,1,2a
2026-08-20 20:46:34,0x101,2,043d
2026-08-20 20:46:34,0x102,1,31
2026-08-20 20:46:34,0x100,1,2b
2026-08-20 20:46:34,0x101,2,03d4
2026-08-20 20:46:34,0x102,1,30
2026-08-20 20:46:34,0x100,1,28
2026-08-20 20:46:34,0x101,2,0405
2026-08-20 20:46:34,0x102,1,30
2026-08-20 20:46:34,0x100,1,27
2026-08-20 20:46:34,0x101,2,047f
2026-08-20 20:46:34,0x102,1,31
2026-08-20 20:46:34,0x100,1,2b
2026-08-20 20:46:34,0x101,2,0402
2026-08-20 20:46:34,0x102,1,30
2026-08-20 20:46:34,0x100,1,27
2026-08-20 20:46:34,0x101,2,0452
2026-08-20 20:46:34,0x102,1,2f
2026-08-20 20:46:34,0x100,1,2b
2026-08-20 20:46:34,0x101,2,0412
2026-08-20 20:46:34,0x102,1,2f
2026-08-20 20:46:34,0x100,1,29
2026-08-20 20:46:34,0x101,2,049a
2026-08-20 20:46:34,0x102,1,30
2026-08-20 20:46:34,0x100,1,29
2026-08-20 20:46:34,0x101,2,045c
2026-08-20 20:46:34,0x102,1,2f
2026-08-20 20:46:35,0x100,1,2b
2026-08-20 20:46:35,0x101,2,045e
2026-08-20 20:46:35,0x102,1,2f
2026-08-20 20:46:35,0x100,1,27
2026-08-20 20:46:35,0x101,2,04cd
2026-08-20 20:46:35,0x102,1,2e
2026-08-20 20:46:35,0x100,1,2a
2026-08-20 20:46:35,0x101,2,04af
2026-08-20 20:46:35,0x102,1,2f
2026-08-20 20:46:35,0x100,1,29
2026-08-20 20:46:35,0x101,2,0470
2026-08-20 20:46:35,0x102,1,2e
2026-08-20 20:46:35,0x100,1,24
2026-08-20 20:46:35,0x101,2,0456
2026-08-20 20:46:35,0x102,1,2f
2026-08-20 20:46:35,0x100,1,29
2026-08-20 20:46:35,0x101,2,0484
2026-08-20 20:46:35,0x102,1,30
2026-08-20 20:46:35,0x100,1,2a
2026-08-20 20:46:35,0x101,2,04af
2026-08-20 20:46:35,0x102,1,30
2026-08-20 20:46:35,0x100,1,2b
2026-08-20 20:46:35,0x101,2,0449
2026-08-20 20:46:35,0x102,1,31
2026-08-20 20:46:35,0x100,1,26
2026-08-20 20:46:35,0x101,2,046e
2026-08-20 20:46:35,0x102,1,31
2026-08-20 20:46:35,0x100,1,26
2026-08-20 20:46:35,0x101,2,0429
2026-08-20 20:46:35,0x102,1,31
2026-08-20 20:46:35,0x100,1,25
2026-08-20 20:46:35,0x101,2,03cd
2026-08-20 20:46:35,0x102,1,30
2026-08-20 20:46:35,0x100,1,25
2026-08-20 20:46:35,0x101,2,041f
2026-08-20 20:46:35,0x102,1,30
2026-08-20 20:46:35,0x100,1,21
2026-08-20 20:46:35,0x101,2,049f
2026-08-20 20:46:35,0x102,1,31
2026-08-20 20:46:35,0x100,1,23
2026-08-20 20:46:35,0x101,2,0482
2026-08-20 20:46:35,0x102,1,31
2026-08-20 20:46:35,0x100,1,25
2026-08-20 20:46:35,0x101,2,04a9
2026-08-20 20:46:35,0x102,1,30
2026-08-20 20:46:35,0x100,1,2a
2026-08-20 20:46:35,0x101,2,04c9
2026-08-20 20:46:35,0x102,1,30
2026-08-20 20:46:35,0x100,1,2e
2026-08-20 20:46:35,0x101,2,052d
2026-08-20 20:46:35,0x102,1,31
2026-08-20 20:46:35,0x100,1,33
2026-08-20 20:46:35,0x101,2,05b6
2026-08-20 20:46:35,0x102,1,31
2026-08-20 20:46:35,0x100,1,35
2026-08-20 20:46:35,0x101,2,0591
2026-08-20 20:46:35,0x102,1,30
2026-08-20 20:46:36,0x100,1,36
2026-08-20 20:46:36,0x101,2,05b8
2026-08-20 20:46:36,0x102,1,2f
2026-08-20 20:46:36,0x100,1,37
2026-08-20 20:46:36,0x101,2,05bd
2026-08-20 20:46:36,0x102,1,30
2026-08-20 20:46:36,0x100,1,33
2026-08-20 20:46:36,0x101,2,05b6
2026-08-20 20:46:36,0x102,1,30
2026-08-20 20:46:36,0x100,1,33
2026-08-20 20:46:36,0x101,2,0578
2026-08-20 20:46:36,0x102,1,2f
2026-08-20 20:46:36,0x100,1,34
2026-08-20 20:46:36,0x101,2,052a
2026-08-20 20:46:36,0x102,1,2e
2026-08-20 20:46:36,0x100,1,33
2026-08-20 20:46:36,0x101,2,04e1
2026-08-20 20:46:36,0x102,1,2e
2026-08-20 20:46:36,0x100,1,35
2026-08-20 20:46:36,0x101,2,0539
2026-08-20 20:46:36,0x102,1,2e
2026-08-20 20:46:36,0x100,1,36
2026-08-20 20:46:36,0x101,2,058c
2026-08-20 20:46:36,0x102,1,2e
2026-08-20 20:46:36,0x100,1,3a
2026-08-20 20:46:36,0x101,2,0586
2026-08-20 20:46:36,0x102,1,2e
2026-08-20 20:46:36,0x100,1,3e
2026-08-20 20:46:36,0x101,2,0590
2026-08-20 20:46:36,0x102,1,2e
2026-08-20 20:46:36,0x100,1,3d
2026-08-20 20:46:36,0x101,2,05ec
2026-08-20 20:46:36,0x102,1,2f
2026-08-20 20:46:36,0x100,1,3e
2026-08-20 20:46:36,0x101,2,057b
2026-08-20 20:46:36,0x102,1,2f
2026-08-20 20:46:36,0x100,1,40
2026-08-20 20:46:36,0x101,2,05fb
2026-08-20 20:46:36,0x102,1,2e
2026-08-20 20:46:36,0x100,1,43
2026-08-20 20:46:36,0x101,2,05ce
2026-08-20 20:46:36,0x102,1,2e
2026-08-20 20:46:36,0x100,1,45
2026-08-20 20:46:36,0x101,2,05e6
2026-08-20 20:46:36,0x102,1,2e
2026-08-20 20:46:36,0x100,1,46
2026-08-20 20:46:36,0x101,2,0594
2026-08-20 20:46:36,0x102,1,2e
2026-08-20 20:46:36,0x100,1,44
2026-08-20 20:46:36,0x101,2,05af
2026-08-20 20:46:36,0x102,1,2e
2026-08-20 20:46:36,0x100,1,41
2026-08-20 20:46:36,0x101,2,0625
2026-08-20 20:46:36,0x102,1,2e
2026-08-20 20:46:36,0x100,1,3e
2026-08-20 20:46:36,0x101,2,05bd
2026-08-20 20:46:36,0x102,1,2e
2026-08-20 20:46:36,0x100,1,3b
2026-08-20 20:46:36,0x101,2,0620
2026-08-20 20:46:36,0x102,1,2f
2026-08-20 20:46:37,0x100,1,3c
2026-08-20 20:46:37,0x101,2,065b
2026-08-20 20:46:37,0x102,1,2f
2026-08-20 20:46:37,0x100,1,37
2026-08-20 20:46:37,0x101,2,0672
2026-08-20 20:46:37,0x102,1,2f
2026-08-20 20:46:37,0x100,1,33
2026-08-20 20:46:37,0x101,2,06da
2026-08-20 20:46:37,0x102,1,2e
2026-08-20 20:46:37,0x100,1,33
2026-08-20 20:46:37,0x101,2,06c2
2026-08-20 20:46:37,0x102,1,2e
2026-08-20 20:46:37,0x100,1,30
2026-08-20 20:46:37,0x101,2,06fe
2026-08-20 20:46:37,0x102,1,2d
2026-08-20 20:46:37,0x100,1,31
2026-08-20 20:46:37,0x101,2,0711
2026-08-20 20:46:37,0x102,1,2d
2026-08-20 20:46:37,0x100,1,32
2026-08-20 20:46:37,0x101,2,073a
2026-08-20 20:46:37,0x102,1,2c
2026-08-20 20:46:37,0x100,1,2f
2026-08-20 20:46:37,0x101,2,0746
2026-08-20 20:46:37,0x102,1,2c
2026-08-20 20:46:37,0x100,1,2f
2026-08-20 20:46:37,0x101,2,07c7
2026-08-20 20:46:37,0x102,1,2d
2026-08-20 20:46:37,0x100,1,32
2026-08-20 20:46:37,0x101,2,0826
2026-08-20 20:46:37,0x102,1,2d
2026-08-20 20:46:37,0x100,1,32
2026-08-20 20:46:37,0x101,2,07d3
2026-08-20 20:46:37,0x102,1,2e
2026-08-20 20:46:37,0x100,1,36
2026-08-20 20:46:37,0x101,2,085b
2026-08-20 20:46:37,0x102,1,2d
2026-08-20 20:46:37,0x100,1,3a
2026-08-20 20:46:37,0x101,2,08cc
2026-08-20 20:46:37,0x102,1,2c
2026-08-20 20:46:37,0x100,1,37
2026-08-20 20:46:37,0x101,2,0909
2026-08-20 20:46:37,0x102,1,2d
2026-08-20 20:46:37,0x100,1,38
2026-08-20 20:46:37,0x101,2,08ac
2026-08-20 20:46:37,0x102,1,2d
2026-08-20 20:46:37,0x100,1,35
2026-08-20 20:46:37,0x101,2,08a0
2026-08-20 20:46:37,0x102,1,2d
2026-08-20 20:46:37,0x100,1,38
2026-08-20 20:46:37,0x101,2,08df
2026-08-20 20:46:37,0x102,1,2c
2026-08-20 20:46:37,0x100,1,3c
2026-08-20 20:46:37,0x101,2,095b
2026-08-20 20:46:37,0x102,1,2d
2026-08-20 20:46:37,0x100,1,3b
2026-08-20 20:46:37,0x101,2,0954
2026-08-20 20:46:37,0x102,1,2d
2026-08-20 20:46:37,0x100,1,38
2026-08-20 20:46:37,0x101,2,09ad
2026-08-20 20:46:37,0x102,1,2d
2026-08-20 20:46:38,0x100,1,34
2026-08-20 20:46:38,0x101,2,0951
2026-08-20 20:46:38,0x102,1,2d
2026-08-20 20:46:38,0x100,1,33
2026-08-20 20:46:38,0x101,2,0939
2026-08-20 20:46:38,0x102,1,2c
2026-08-20 20:46:38,0x100,1,32
2026-08-20 20:46:38,0x101,2,0980
2026-08-20 20:46:38,0x102,1,2d
2026-08-20 20:46:38,0x100,1,37
2026-08-20 20:46:38,0x101,2,0977
2026-08-20 20:46:38,0x102,1,2d
2026-08-20 20:46:38,0x100,1,36
2026-08-20 20:46:38,0x101,2,0964
2026-08-20 20:46:38,0x102,1,2e
2026-08-20 20:46:38,0x100,1,35
2026-08-20 20:46:38,0x101,2,0917
2026-08-20 20:46:38,0x102,1,2e
2026-08-20 20:46:38,0x100,1,32
2026-08-20 20:46:38,0x101,2,08a6
2026-08-20 20:46:38,0x102,1,2e
2026-08-20 20:46:38,0x100,1,33
2026-08-20 20:46:38,0x101,2,090f
2026-08-20 20:46:38,0x102,1,2e
2026-08-20 20:46:38,0x100,1,34
2026-08-20 20:46:38,0x101,2,08c4
2026-08-20 20:46:38,0x102,1,2d
2026-08-20 20:46:38,0x100,1,37
2026-08-20 20:46:38,0x101,2,08cf
2026-08-20 20:46:38,0x102,1,2e
2026-08-20 20:46:38,0x100,1,36
2026-08-20 20:46:38,0x101,2,0905
2026-08-20 20:46:38,0x102,1,2e
2026-08-20 20:46:38,0x100,1,38
2026-08-20 20:46:38,0x101,2,08a7
2026-08-20 20:46:38,0x102,1,2d
2026-08-20 20:46:38,0x100,1,36
2026-08-20 20:46:38,0x101,2,08d1
2026-08-20 20:46:38,0x102,1,2d
2026-08-20 20:46:38,0x100,1,32
2026-08-20 20:46:38,0x101,2,090f
2026-08-20 20:46:38,0x102,1,2d
2026-08-20 20:46:38,0x100,1,32
2026-08-20 20:46:38,0x101,2,08bb
2026-08-20 20:46:38,0x102,1,2e
2026-08-20 20:46:38,0x100,1,34
2026-08-20 20:46:38,0x101,2,087f
2026-08-20 20:46:38,0x102,1,2e
2026-08-20 20:46:38,0x100,1,35
2026-08-20 20:46:38,0x101,2,088b
2026-08-20 20:46:38,0x102,1,2e
2026-08-20 20:46:38,0x100,1,32
2026-08-20 20:46:38,0x101,2,08ee
2026-08-20 20:46:38,0x102,1,2e
2026-08-20 20:46:38,0x100,1,32
2026-08-20 20:46:38,0x101,2,088d
2026-08-20 20:46:38,0x102,1,2f
2026-08-20 20:46:38,0x100,1,2d
2026-08-20 20:46:38,0x101,2,0868
2026-08-20 20:46:38,0x102,1,2e
2026-08-20 20:46:39,0x100,1,2d
2026-08-20 20:46:39,0x101,2,08c0
2026-08-20 20:46:39,0x102,1,2e
2026-08-20 20:46:39,0x100,1,2a
2026-08-20 20:46:39,0x101,2,088d
2026-08-20 20:46:39,0x102,1,2e
2026-08-20 20:46:39,0x100,1,2f
2026-08-20 20:46:39,0x101,2,08f0
2026-08-20 20:46:39,0x102,1,2e
2026-08-20 20:46:39,0x100,1,2b
2026-08-20 20:46:39,0x101,2,08b8
2026-08-20 20:46:39,0x102,1,2f
2026-08-20 20:46:39,0x100,1,29
2026-08-20 20:46:39,0x101,2,08a1
2026-08-20 20:46:39,0x102,1,2e
2026-08-20 20:46:39,0x100,1,2a
2026-08-20 20:46:39,0x101,2,0817
2026-08-20 20:46:39,0x102,1,2d
2026-08-20 20:46:39,0x100,1,27
2026-08-20 20:46:39,0x101,2,0790
2026-08-20 20:46:39,0x102,1,2d
2026-08-20 20:46:39,0x100,1,28
2026-08-20 20:46:39,0x101,2,0799
2026-08-20 20:46:39,0x102,1,2d
2026-08-20 20:46:39,0x100,1,26
2026-08-20 20:46:39,0x101,2,081d
2026-08-20 20:46:39,0x102,1,2e
2026-08-20 20:46:39,0x100,1,21
2026-08-20 20:46:39,0x101,2,0839
2026-08-20 20:46:39,0x102,1,2e
2026-08-20 20:46:39,0x100,1,1e
2026-08-20 20:46:39,0x101,2,0878
2026-08-20 20:46:39,0x102,1,2e
2026-08-20 20:46:39,0x100,1,23
2026-08-20 20:46:39,0x101,2,08aa
2026-08-20 20:46:39,0x102,1,2d
2026-08-20 20:46:39,0x100,1,24
2026-08-20 20:46:39,0x101,2,089f
2026-08-20 20:46:39,0x102,1,2c
2026-08-20 20:46:39,0x100,1,25
2026-08-20 20:46:39,0x101,2,0865
2026-08-20 20:46:39,0x102,1,2c
2026-08-20 20:46:39,0x100,1,23
2026-08-20 20:46:39,0x101,2,0899
2026-08-20 20:46:39,0x102,1,2d
2026-08-20 20:46:39,0x100,1,21
2026-08-20 20:46:39,0x101,2,084a
2026-08-20 20:46:39,0x102,1,2c
2026-08-20 20:46:39,0x100,1,25
2026-08-20 20:46:39,0x101,2,0844
2026-08-20 20:46:39,0x102,1,2d
2026-08-20 20:46:39,0x100,1,28
2026-08-20 20:46:39,0x101,2,0872
2026-08-20 20:46:39,0x102,1,2e
2026-08-20 20:46:39,0x100,1,24
2026-08-20 20:46:39,0x101,2,087c
2026-08-20 20:46:39,0x102,1,2e
2026-08-20 20:46:39,0x100,1,22
2026-08-20 20:46:39,0x101,2,089f
2026-08-20 20:46:39,0x102,1,2e
2026-08-20 20:46:40,0x100,1,1f
2026-08-20 20:46:40,0x101,2,08d7
2026-08-20 20:46:40,0x102,1,2e
2026-08-20 20:46:40,0x100,1,23
2026-08-20 20:46:40,0x101,2,0947
2026-08-20 20:46:40,0x102,1,2e
2026-08-20 20:46:40,0x100,1,20
2026-08-20 20:46:40,0x101,2,09a5
2026-08-20 20:46:40,0x102,1,2e
2026-08-20 20:46:40,0x100,1,24
2026-08-20 20:46:40,0x101,2,09ae
2026-08-20 20:46:40,0x102,1,2e
2026-08-20 20:46:40,0x100,1,27
2026-08-20 20:46:40,0x101,2,0946
2026-08-20 20:46:40,0x102,1,2e
2026-08-20 20:46:40,0x100,1,2a
2026-08-20 20:46:40,0x101,2,0924
2026-08-20 20:46:40,0x102,1,2e
2026-08-20 20:46:40,0x100,1,2c
2026-08-20 20:46:40,0x101,2,0955
2026-08-20 20:46:40,0x102,1,2e
2026-08-20 20:46:40,0x100,1,2a
2026-08-20 20:46:40,0x101,2,09b1
2026-08-20 20:46:40,0x102,1,2e
2026-08-20 20:46:40,0x100,1,2c
2026-08-20 20:46:40,0x101,2,0952
2026-08-20 20:46:40,0x102,1,2e
2026-08-20 20:46:40,0x100,1,2d
2026-08-20 20:46:40,0x101,2,08bd
2026-08-20 20:46:40,0x102,1,2d
2026-08-20 20:46:40,0x100,1,29
2026-08-20 20:46:40,0x101,2,089b
2026-08-20 20:46:40,0x102,1,2d
2026-08-20 20:46:40,0x100,1,2b
2026-08-20 20:46:40,0x101,2,08bf
2026-08-20 20:46:40,0x102,1,2d
2026-08-20 20:46:40,0x100,1,27
2026-08-20 20:46:40,0x101,2,0875
2026-08-20 20:46:40,0x102,1,2d
2026-08-20 20:46:40,0x100,1,29
2026-08-20 20:46:40,0x101,2,087c
2026-08-20 20:46:40,0x102,1,2e
2026-08-20 20:46:40,0x100,1,2a
2026-08-20 20:46:40,0x101,2,090d
2026-08-20 20:46:40,0x102,1,2d
2026-08-20 20:46:40,0x100,1,29
2026-08-20 20:46:40,0x101,2,0911
2026-08-20 20:46:40,0x102,1,2e
2026-08-20 20:46:40,0x100,1,25
2026-08-20 20:46:40,0x101,2,0948
2026-08-20 20:46:40,0x102,1,2e
2026-08-20 20:46:40,0x100,1,21
2026-08-20 20:46:40,0x101,2,08df
2026-08-20 20:46:40,0x102,1,2e
2026-08-20 20:46:40,0x100,1,25
2026-08-20 20:46:40,0x101,2,089b
2026-08-20 20:46:40,0x102,1,2d
2026-08-20 20:46:41,0x100,1,24
2026-08-20 20:46:41,0x101,2,08f0
2026-08-20 20:46:41,0x102,1,2d
2026-08-20 20:46:41,0x100,1,20
2026-08-20 20:46:41,0x101,2,08a9
2026-08-20 20:46:41,0x102,1,2e
2026-08-20 20:46:41,0x100,1,25
2026-08-20 20:46:41,0x101,2,08db
2026-08-20 20:46:41,0x102,1,2e
2026-08-20 20:46:41,0x100,1,29
2026-08-20 20:46:41,0x101,2,08d7
2026-08-20 20:46:41,0x102,1,2e
2026-08-20 20:46:41,0x100,1,27
2026-08-20 20:46:41,0x101,2,0959
2026-08-20 20:46:41,0x102,1,2e
2026-08-20 20:46:41,0x100,1,2b
2026-08-20 20:46:41,0x101,2,08db
2026-08-20 20:46:41,0x102,1,2e
2026-08-20 20:46:41,0x100,1,27
2026-08-20 20:46:41,0x101,2,0891
2026-08-20 20:46:41,0x102,1,2f
2026-08-20 20:46:41,0x100,1,26
2026-08-20 20:46:41,0x101,2,084b
2026-08-20 20:46:41,0x102,1,2e
2026-08-20 20:46:41,0x100,1,27
2026-08-20 20:46:41,0x101,2,081d
2026-08-20 20:46:41,0x102,1,2e
2026-08-20 20:46:41,0x100,1,28
2026-08-20 20:46:41,0x101,2,084a
2026-08-20 20:46:41,0x102,1,2f
2026-08-20 20:46:41,0x100,1,24
2026-08-20 20:46:41,0x101,2,07fb
2026-08-20 20:46:41,0x102,1,2f
2026-08-20 20:46:41,0x100,1,26
2026-08-20 20:46:41,0x101,2,07f1
2026-08-20 20:46:41,0x102,1,2f
2026-08-20 20:46:41,0x100,1,23
2026-08-20 20:46:41,0x101,2,080e
2026-08-20 20:46:41,0x102,1,30
2026-08-20 20:46:41,0x100,1,24
2026-08-20 20:46:41,0x101,2,07da
2026-08-20 20:46:41,0x102,1,30
2026-08-20 20:46:41,0x100,1,22
2026-08-20 20:46:41,0x101,2,07f0
2026-08-20 20:46:41,0x102,1,30
2026-08-20 20:46:41,0x100,1,20
2026-08-20 20:46:41,0x101,2,0838
2026-08-20 20:46:41,0x102,1,30
2026-08-20 20:46:41,0x100,1,25
2026-08-20 20:46:41,0x101,2,08bc
2026-08-20 20:46:41,0x102,1,2f
2026-08-20 20:46:41,0x100,1,2a
2026-08-20 20:46:41,0x101,2,0889
2026-08-20 20:46:41,0x102,1,2f
2026-08-20 20:46:41,0x100,1,28
2026-08-20 20:46:41,0x101,2,0861
2026-08-20 20:46:41,0x102,1,2e
2026-08-20 20:46:41,0x100,1,28
2026-08-20 20:46:41,0x101,2,0861
2026-08-20 20:46:41,0x102,1,2e
2026-08-20 20:46:42,0x100,1,29
2026-08-20 20:46:42,0x101,2,0864
2026-08-20 20:46:42,0x102,1,2e
2026-08-20 20:46:42,0x100,1,2a
2026-08-20 20:46:42,0x101,2,0802
2026-08-20 20:46:42,0x102,1,2f
2026-08-20 20:46:42,0x100,1,2c
2026-08-20 20:46:42,0x101,2,0847
2026-08-20 20:46:42,0x102,1,2e
2026-08-20 20:46:42,0x100,1,30
2026-08-20 20:46:42,0x101,2,084f
2026-08-20 20:46:42,0x102,1,2d
2026-08-20 20:46:42,0x100,1,32
2026-08-20 20:46:42,0x101,2,08b3
2026-08-20 20:46:42,0x102,1,2d
2026-08-20 20:46:42,0x100,1,31
2026-08-20 20:46:42,0x101,2,0885
2026-08-20 20:46:42,0x102,1,2d
2026-08-20 20:46:42,0x100,1,2f
2026-08-20 20:46:42,0x101,2,08ba
2026-08-20 20:46:42,0x102,1,2c
2026-08-20 20:46:42,0x100,1,2c
2026-08-20 20:46:42,0x101,2,08ad
2026-08-20 20:46:42,0x102,1,2b
2026-08-20 20:46:42,0x100,1,2d
2026-08-20 20:46:42,0x101,2,0941
2026-08-20 20:46:42,0x102,1,2c
2026-08-20 20:46:42,0x100,1,32
2026-08-20 20:46:42,0x101,2,08ed
2026-08-20 20:46:42,0x102,1,2b
2026-08-20 20:46:42,0x100,1,2d
2026-08-20 20:46:42,0x101,2,0968
2026-08-20 20:46:42,0x102,1,2b
2026-08-20 20:46:42,0x100,1,2f
2026-08-20 20:46:42,0x101,2,09cc
2026-08-20 20:46:42,0x102,1,2b
2026-08-20 20:46:42,0x100,1,32
2026-08-20 20:46:42,0x101,2,0a31
2026-08-20 20:46:42,0x102,1,2c
2026-08-20 20:46:42,0x100,1,32
2026-08-20 20:46:42,0x101,2,0a6e
2026-08-20 20:46:42,0x102,1,2d
2026-08-20 20:46:42,0x100,1,34
2026-08-20 20:46:42,0x101,2,0aba
2026-08-20 20:46:42,0x102,1,2c
2026-08-20 20:46:42,0x100,1,32
2026-08-20 20:46:42,0x101,2,0ac8
2026-08-20 20:46:42,0x102,1,2d
2026-08-20 20:46:42,0x100,1,33
2026-08-20 20:46:42,0x101,2,0a73
2026-08-20 20:46:42,0x102,1,2c
2026-08-20 20:46:42,0x100,1,38
2026-08-20 20:46:42,0x101,2,09f8
2026-08-20 20:46:42,0x102,1,2b
2026-08-20 20:46:42,0x100,1,34
2026-08-20 20:46:42,0x101,2,0989
2026-08-20 20:46:42,0x102,1,2c
2026-08-20 20:46:42,0x100,1,30
2026-08-20 20:46:42,0x101,2,09c9
2026-08-20 20:46:42,0x102,1,2b
2026-08-20 20:46:43,0x100,1,2e
2026-08-20 20:46:43,0x101,2,0a57
2026-08-20 20:46:43,0x102,1,2c
2026-08-20 20:46:43,0x100,1,2b
2026-08-20 20:46:43,0x101,2,0ab1
2026-08-20 20:46:43,0x102,1,2c
2026-08-20 20:46:43,0x100,1,2d
2026-08-20 20:46:43,0x101,2,0ac1
2026-08-20 20:46:43,0x102,1,2c
2026-08-20 20:46:43,0x100,1,2a
2026-08-20 20:46:43,0x101,2,0af2
2026-08-20 20:46:43,0x102,1,2d
2026-08-20 20:46:43,0x100,1,28
2026-08-20 20:46:43,0x101,2,0ac2
2026-08-20 20:46:43,0x102,1,2e
2026-08-20 20:46:43,0x100,1,29
2026-08-20 20:46:43,0x101,2,0a3f
2026-08-20 20:46:43,0x102,1,2d
2026-08-20 20:46:43,0x100,1,29
2026-08-20 20:46:43,0x101,2,0a87
2026-08-20 20:46:43,0x102,1,2d
2026-08-20 20:46:43,0x100,1,2c
2026-08-20 20:46:43,0x101,2,0a74
2026-08-20 20:46:43,0x102,1,2d
2026-08-20 20:46:43,0x100,1,28
2026-08-20 20:46:43,0x101,2,0adf
2026-08-20 20:46:43,0x102,1,2d
2026-08-20 20:46:43,0x100,1,27
2026-08-20 20:46:43,0x101,2,0a9d
2026-08-20 20:46:43,0x102,1,2c
2026-08-20 20:46:43,0x100,1,24
2026-08-20 20:46:43,0x101,2,0a28
2026-08-20 20:46:43,0x102,1,2d
2026-08-20 20:46:43,0x100,1,27
2026-08-20 20:46:43,0x101,2,0a10
2026-08-20 20:46:43,0x102,1,2e
2026-08-20 20:46:43,0x100,1,28
2026-08-20 20:46:43,0x101,2,0a43
2026-08-20 20:46:43,0x102,1,2f
2026-08-20 20:46:43,0x100,1,27
2026-08-20 20:46:43,0x101,2,09b0
2026-08-20 20:46:43,0x102,1,2e
2026-08-20 20:46:43,0x100,1,2b
2026-08-20 20:46:43,0x101,2,09b2
2026-08-20 20:46:43,0x102,1,2d
2026-08-20 20:46:43,0x100,1,27
2026-08-20 20:46:43,0x101,2,0986
2026-08-20 20:46:43,0x102,1,2e
2026-08-20 20:46:43,0x100,1,29
2026-08-20 20:46:43,0x101,2,095f
2026-08-20 20:46:43,0x102,1,2e
2026-08-20 20:46:43,0x100,1,26
2026-08-20 20:46:43,0x101,2,094d
2026-08-20 20:46:43,0x102,1,2e
2026-08-20 20:46:43,0x100,1,27
2026-08-20 20:46:43,0x101,2,08dd
2026-08-20 20:46:43,0x102,1,2e
2026-08-20 20:46:43,0x100,1,27
2026-08-20 20:46:43,0x101,2,0916
2026-08-20 20:46:43,0x102,1,2f
2026-08-20 20:46:44,0x100,1,2c
2026-08-20 20:46:44,0x101,2,0929
2026-08-20 20:46:44,0x102,1,2f
2026-08-20 20:46:44,0x100,1,2c
2026-08-20 20:46:44,0x101,2,08a0
2026-08-20 20:46:44,0x102,1,2f
2026-08-20 20:46:44,0x100,1,2a
2026-08-20 20:46:44,0x101,2,081b
2026-08-20 20:46:44,0x102,1,2e
2026-08-20 20:46:44,0x100,1,2e
2026-08-20 20:46:44,0x101,2,0837
2026-08-20 20:46:44,0x102,1,2f
2026-08-20 20:46:44,0x100,1,2d
2026-08-20 20:46:44,0x101,2,07de
2026-08-20 20:46:44,0x102,1,2e
2026-08-20 20:46:44,0x100,1,2d
2026-08-20 20:46:44,0x101,2,07b5
2026-08-20 20:46:44,0x102,1,2f
2026-08-20 20:46:44,0x100,1,29
2026-08-20 20:46:44,0x101,2,077b
2026-08-20 20:46:44,0x102,1,2f
2026-08-20 20:46:44,0x100,1,2e
2026-08-20 20:46:44,0x101,2,078e
2026-08-20 20:46:44,0x102,1,2f
2026-08-20 20:46:44,0x100,1,2b
2026-08-20 20:46:44,0x101,2,079d
2026-08-20 20:46:44,0x102,1,2f
2026-08-20 20:46:44,0x100,1,2d
2026-08-20 20:46:44,0x101,2,07e4
2026-08-20 20:46:44,0x102,1,2e
2026-08-20 20:46:44,0x100,1,2b
2026-08-20 20:46:44,0x101,2,0757
2026-08-20 20:46:44,0x102,1,2e
2026-08-20 20:46:44,0x100,1,30
2026-08-20 20:46:44,0x101,2,07eb
2026-08-20 20:46:44,0x102,1,2e
2026-08-20 20:46:44,0x100,1,32
2026-08-20 20:46:44,0x101,2,0815
2026-08-20 20:46:44,0x102,1,2f
2026-08-20 20:46:44,0x100,1,31
2026-08-20 20:46:44,0x101,2,07c7
2026-08-20 20:46:44,0x102,1,30
2026-08-20 20:46:44,0x100,1,31
2026-08-20 20:46:44,0x101,2,07aa
2026-08-20 20:46:44,0x102,1,30
2026-08-20 20:46:44,0x100,1,2d
2026-08-20 20:46:44,0x101,2,0726
2026-08-20 20:46:44,0x102,1,30
2026-08-20 20:46:44,0x100,1,2c
2026-08-20 20:46:44,0x101,2,0715
2026-08-20 20:46:44,0x102,1,30
2026-08-20 20:46:44,0x100,1,28
2026-08-20 20:46:44,0x101,2,06bb
2026-08-20 20:46:44,0x102,1,30
2026-08-20 20:46:44,0x100,1,29
2026-08-20 20:46:44,0x101,2,0702
2026-08-20 20:46:44,0x102,1,2f
2026-08-20 20:46:44,0x100,1,2b
2026-08-20 20:46:44,0x101,2,070e
2026-08-20 20:46:44,0x102,1,2f
2026-08-20 20:46:45,0x100,1,2a
2026-08-20 20:46:45,0x101,2,07a3
2026-08-20 20:46:45,0x102,1,2f
2026-08-20 20:46:45,0x100,1,26
2026-08-20 20:46:45,0x101,2,07af
2026-08-20 20:46:45,0x102,1,2e
2026-08-20 20:46:45,0x100,1,24
2026-08-20 20:46:45,0x101,2,07c0
2026-08-20 20:46:45,0x102,1,2d
2026-08-20 20:46:45,0x100,1,24
2026-08-20 20:46:45,0x101,2,0768
2026-08-20 20:46:45,0x102,1,2d
2026-08-20 20:46:45,0x100,1,25
2026-08-20 20:46:45,0x101,2,0760
2026-08-20 20:46:45,0x102,1,2e
2026-08-20 20:46:45,0x100,1,23
2026-08-20 20:46:45,0x101,2,072f
2026-08-20 20:46:45,0x102,1,2d
2026-08-20 20:46:45,0x100,1,25
2026-08-20 20:46:45,0x101,2,06c5
2026-08-20 20:46:45,0x102,1,2c
2026-08-20 20:46:45,0x100,1,27
2026-08-20 20:46:45,0x101,2,0652
2026-08-20 20:46:45,0x102,1,2c
2026-08-20 20:46:45,0x100,1,29
2026-08-20 20:46:45,0x101,2,0671
2026-08-20 20:46:45,0x102,1,2c
2026-08-20 20:46:45,0x100,1,27
2026-08-20 20:46:45,0x101,2,06fc
2026-08-20 20:46:45,0x102,1,2c
2026-08-20 20:46:45,0x100,1,26
2026-08-20 20:46:45,0x101,2,074e
2026-08-20 20:46:45,0x102,1,2d
2026-08-20 20:46:45,0x100,1,22
2026-08-20 20:46:45,0x101,2,0743
2026-08-20 20:46:45,0x102,1,2c
2026-08-20 20:46:45,0x100,1,23
2026-08-20 20:46:45,0x101,2,0787
2026-08-20 20:46:45,0x102,1,2b
2026-08-20 20:46:45,0x100,1,26
2026-08-20 20:46:45,0x101,2,072f
2026-08-20 20:46:45,0x102,1,2b
2026-08-20 20:46:45,0x100,1,25
2026-08-20 20:46:45,0x101,2,0740
2026-08-20 20:46:45,0x102,1,2a
2026-08-20 20:46:45,0x100,1,23
2026-08-20 20:46:45,0x101,2,076c
2026-08-20 20:46:45,0x102,1,2b
2026-08-20 20:46:45,0x100,1,26
2026-08-20 20:46:45,0x101,2,07aa
2026-08-20 20:46:45,0x102,1,2b
2026-08-20 20:46:45,0x100,1,28
2026-08-20 20:46:45,0x101,2,07e5
2026-08-20 20:46:45,0x102,1,2a
2026-08-20 20:46:45,0x100,1,26
2026-08-20 20:46:45,0x101,2,07cf
2026-08-20 20:46:45,0x102,1,29
2026-08-20 20:46:46,0x100,1,27
2026-08-20 20:46:46,0x101,2,0854
2026-08-20 20:46:46,0x102,1,29
2026-08-20 20:46:46,0x100,1,2c
2026-08-20 20:46:46,0x101,2,0809
2026-08-20 20:46:46,0x102,1,29
2026-08-20 20:46:46,0x100,1,2b
2026-08-20 20:46:46,0x101,2,07d1
2026-08-20 20:46:46,0x102,1,2a
2026-08-20 20:46:46,0x100,1,2a
2026-08-20 20:46:46,0x101,2,07b3
2026-08-20 20:46:46,0x102,1,2a
2026-08-20 20:46:46,0x100,1,2c
2026-08-20 20:46:46,0x101,2,0729
2026-08-20 20:46:46,0x102,1,29
2026-08-20 20:46:46,0x100,1,2d
2026-08-20 20:46:46,0x101,2,079f
2026-08-20 20:46:46,0x102,1,2a
2026-08-20 20:46:46,0x100,1,2f
2026-08-20 20:46:46,0x101,2,0828
2026-08-20 20:46:46,0x102,1,2a
2026-08-20 20:46:46,0x100,1,31
2026-08-20 20:46:46,0x101,2,0808
2026-08-20 20:46:46,0x102,1,2b
2026-08-20 20:46:46,0x100,1,36
2026-08-20 20:46:46,0x101,2,082c
2026-08-20 20:46:46,0x102,1,2b
2026-08-20 20:46:46,0x100,1,36
2026-08-20 20:46:46,0x101,2,0849
2026-08-20 20:46:46,0x102,1,2b
2026-08-20 20:46:46,0x100,1,3b
2026-08-20 20:46:46,0x101,2,080f
2026-08-20 20:46:46,0x102,1,2b
2026-08-20 20:46:46,0x100,1,3a
2026-08-20 20:46:46,0x101,2,07d7
2026-08-20 20:46:46,0x102,1,2b
2026-08-20 20:46:46,0x100,1,36
2026-08-20 20:46:46,0x101,2,0851
2026-08-20 20:46:46,0x102,1,2b
2026-08-20 20:46:46,0x100,1,3a
2026-08-20 20:46:46,0x101,2,08e5
2026-08-20 20:46:46,0x102,1,2c
2026-08-20 20:46:46,0x100,1,39
2026-08-20 20:46:46,0x101,2,0956
2026-08-20 20:46:46,0x102,1,2d
2026-08-20 20:46:46,0x100,1,36
2026-08-20 20:46:46,0x101,2,08e2
2026-08-20 20:46:46,0x102,1,2c
2026-08-20 20:46:46,0x100,1,33
2026-08-20 20:46:46,0x101,2,096d
2026-08-20 20:46:46,0x102,1,2b
2026-08-20 20:46:46,0x100,1,37
2026-08-20 20:46:46,0x101,2,09f6
2026-08-20 20:46:46,0x102,1,2c
2026-08-20 20:46:46,0x100,1,3a
2026-08-20 20:46:46,0x101,2,09d0
2026-08-20 20:46:46,0x102,1,2c
2026-08-20 20:46:46,0x100,1,39
2026-08-20 20:46:46,0x101,2,0a05
2026-08-20 20:46:46,0x102,1,2c
2026-08-20 20:46:47,0x100,1,3e
2026-08-20 20:46:47,0x101,2,09a1
2026-08-20 20:46:47,0x102,1,2d
2026-08-20 20:46:47,0x100,1,3a
2026-08-20 20:46:47,0x101,2,0972
2026-08-20 20:46:47,0x102,1,2d
2026-08-20 20:46:47,0x100,1,3d
2026-08-20 20:46:47,0x101,2,0907
2026-08-20 20:46:47,0x102,1,2e
2026-08-20 20:47:12,0x100,1,2a
2026-08-20 20:47:12,0x101,2,0626
2026-08-20 20:47:12,0x102,1,3b
2026-08-20 20:47:12,0x100,1,2b
2026-08-20 20:47:12,0x101,2,06b8
2026-08-20 20:47:12,0x102,1,3c
2026-08-20 20:47:12,0x100,1,26
2026-08-20 20:47:12,0x101,2,065b
2026-08-20 20:47:12,0x102,1,3c
2026-08-20 20:47:12,0x100,1,26
2026-08-20 20:47:12,0x101,2,06d0
2026-08-20 20:47:12,0x102,1,3d
2026-08-20 20:47:12,0x100,1,29
2026-08-20 20:47:12,0x101,2,06c2
2026-08-20 20:47:12,0x102,1,3c
2026-08-20 20:47:12,0x100,1,29
2026-08-20 20:47:12,0x101,2,069d
2026-08-20 20:47:12,0x102,1,3b
2026-08-20 20:47:12,0x100,1,28
2026-08-20 20:47:12,0x101,2,068a
2026-08-20 20:47:12,0x102,1,3a
2026-08-20 20:47:12,0x100,1,2c
2026-08-20 20:47:12,0x101,2,0652
2026-08-20 20:47:12,0x102,1,39
2026-08-20 20:47:12,0x100,1,2b
2026-08-20 20:47:12,0x101,2,0662
2026-08-20 20:47:12,0x102,1,39
2026-08-20 20:47:12,0x100,1,28
2026-08-20 20:47:12,0x101,2,064c
2026-08-20 20:47:12,0x102,1,39
2026-08-20 20:47:12,0x100,1,2b
2026-08-20 20:47:12,0x101,2,0608
2026-08-20 20:47:12,0x102,1,39
2026-08-20 20:47:12,0x100,1,2e
2026-08-20 20:47:12,0x101,2,0688
2026-08-20 20:47:12,0x102,1,39
2026-08-20 20:47:12,0x100,1,2f
2026-08-20 20:47:12,0x101,2,061e
2026-08-20 20:47:12,0x102,1,3a
2026-08-20 20:47:12,0x100,1,2e
2026-08-20 20:47:12,0x101,2,05fb
2026-08-20 20:47:12,0x102,1,3a
2026-08-20 20:47:12,0x100,1,2c
2026-08-20 20:47:12,0x101,2,05ba
2026-08-20 20:47:12,0x102,1,3a
2026-08-20 20:47:12,0x100,1,2c
2026-08-20 20:47:12,0x101,2,0647
2026-08-20 20:47:12,0x102,1,3a
2026-08-20 20:47:12,0x100,1,2b
2026-08-20 20:47:12,0x101,2,064a
2026-08-20 20:47:12,0x102,1,3b
2026-08-20 20:47:13,0x100,1,28
2026-08-20 20:47:13,0x101,2,065b
2026-08-20 20:47:13,0x102,1,3c
2026-08-20 20:47:13,0x100,1,2c
2026-08-20 20:47:13,0x101,2,06b4
2026-08-20 20:47:13,0x102,1,3b
2026-08-20 20:47:13,0x100,1,2c
2026-08-20 20:47:13,0x101,2,069a
2026-08-20 20:47:13,0x102,1,3a
2026-08-20 20:47:13,0x100,1,2d
2026-08-20 20:47:13,0x101,2,06e2
2026-08-20 20:47:13,0x102,1,3a
2026-08-20 20:47:13,0x100,1,2b
2026-08-20 20:47:13,0x101,2,0657
2026-08-20 20:47:13,0x102,1,39
2026-08-20 20:47:13,0x100,1,27
2026-08-20 20:47:13,0x101,2,0653
2026-08-20 20:47:13,0x102,1,3a
2026-08-20 20:47:13,0x100,1,29
2026-08-20 20:47:13,0x101,2,05ec
2026-08-20 20:47:13,0x102,1,3a
2026-08-20 20:47:13,0x100,1,2a
2026-08-20 20:47:13,0x101,2,05fb
2026-08-20 20:47:13,0x102,1,3a
2026-08-20 20:47:13,0x100,1,2d
2026-08-20 20:47:13,0x101,2,0639
2026-08-20 20:47:13,0x102,1,3a
2026-08-20 20:47:13,0x100,1,2c
2026-08-20 20:47:13,0x101,2,0675
2026-08-20 20:47:13,0x102,1,39
2026-08-20 20:47:13,0x100,1,31
2026-08-20 20:47:13,0x101,2,065b
2026-08-20 20:47:13,0x102,1,3a
2026-08-20 20:47:13,0x100,1,34
2026-08-20 20:47:13,0x101,2,06a2
2026-08-20 20:47:13,0x102,1,3b
2026-08-20 20:47:13,0x100,1,32
2026-08-20 20:47:13,0x101,2,0629
2026-08-20 20:47:13,0x102,1,3b
2026-08-20 20:47:13,0x100,1,37
2026-08-20 20:47:13,0x101,2,05dd
2026-08-20 20:47:13,0x102,1,3b
2026-08-20 20:47:13,0x100,1,35
2026-08-20 20:47:13,0x101,2,05e7
2026-08-20 20:47:13,0x102,1,3b
2026-08-20 20:47:13,0x100,1,39
2026-08-20 20:47:13,0x101,2,0603
2026-08-20 20:47:13,0x102,1,3b
2026-08-20 20:47:13,0x100,1,3b
2026-08-20 20:47:13,0x101,2,05db
2026-08-20 20:47:13,0x102,1,3c
2026-08-20 20:47:13,0x100,1,40
2026-08-20 20:47:13,0x101,2,05a2
2026-08-20 20:47:13,0x102,1,3c
2026-08-20 20:47:13,0x100,1,43
2026-08-20 20:47:13,0x101,2,054a
2026-08-20 20:47:13,0x102,1,3c
2026-08-20 20:47:13,0x100,1,3e
2026-08-20 20:47:13,0x101,2,0555
2026-08-20 20:47:13,0x102,1,3d
2026-08-20 20:47:14,0x100,1,42
2026-08-20 20:47:14,0x101,2,055a
2026-08-20 20:47:14,0x102,1,3c
2026-08-20 20:47:14,0x100,1,3d
2026-08-20 20:47:14,0x101,2,059f
2026-08-20 20:47:14,0x102,1,3b
2026-08-20 20:47:14,0x100,1,39
2026-08-20 20:47:14,0x101,2,0553
2026-08-20 20:47:14,0x102,1,3c
2026-08-20 20:47:14,0x100,1,36
2026-08-20 20:47:14,0x101,2,0564
2026-08-20 20:47:14,0x102,1,3c
2026-08-20 20:47:14,0x100,1,38
2026-08-20 20:47:14,0x101,2,05ae
2026-08-20 20:47:14,0x102,1,3c
2026-08-20 20:47:14,0x100,1,39
2026-08-20 20:47:14,0x101,2,0526
2026-08-20 20:47:14,0x102,1,3c
2026-08-20 20:47:14,0x100,1,39
2026-08-20 20:47:14,0x101,2,04a4
2026-08-20 20:47:14,0x102,1,3d
2026-08-20 20:47:14,0x100,1,3a
2026-08-20 20:47:14,0x101,2,04f8
2026-08-20 20:47:14,0x102,1,3c
2026-08-20 20:47:14,0x100,1,37
2026-08-20 20:47:14,0x101,2,047a
2026-08-20 20:47:14,0x102,1,3d
2026-08-20 20:47:14,0x100,1,3a
2026-08-20 20:47:14,0x101,2,04c6
2026-08-20 20:47:14,0x102,1,3e
2026-08-20 20:47:14,0x100,1,3d
2026-08-20 20:47:14,0x101,2,04c6
2026-08-20 20:47:14,0x102,1,3f
2026-08-20 20:47:14,0x100,1,3e
2026-08-20 20:47:14,0x101,2,0553
2026-08-20 20:47:14,0x102,1,3e
2026-08-20 20:47:14,0x100,1,3c
2026-08-20 20:47:14,0x101,2,05c6
2026-08-20 20:47:14,0x102,1,3e
2026-08-20 20:47:14,0x100,1,3b
2026-08-20 20:47:14,0x101,2,0539
2026-08-20 20:47:14,0x102,1,3d
2026-08-20 20:47:14,0x100,1,3a
2026-08-20 20:47:14,0x101,2,05cb
2026-08-20 20:47:14,0x102,1,3d
2026-08-20 20:47:14,0x100,1,37
2026-08-20 20:47:14,0x101,2,05b5
2026-08-20 20:47:14,0x102,1,3d
2026-08-20 20:47:14,0x100,1,38
2026-08-20 20:47:14,0x101,2,0562
2026-08-20 20:47:14,0x102,1,3c
2026-08-20 20:47:14,0x100,1,37
2026-08-20 20:47:14,0x101,2,058b
2026-08-20 20:47:14,0x102,1,3d
2026-08-20 20:47:14,0x100,1,33
2026-08-20 20:47:14,0x101,2,0548
2026-08-20 20:47:14,0x102,1,3e
2026-08-20 20:47:15,0x100,1,32
2026-08-20 20:47:15,0x101,2,04e4
2026-08-20 20:47:15,0x102,1,3e
2026-08-20 20:47:15,0x100,1,33
2026-08-20 20:47:15,0x101,2,049e
2026-08-20 20:47:15,0x102,1,3e
2026-08-20 20:47:15,0x100,1,37
2026-08-20 20:47:15,0x101,2,0531
2026-08-20 20:47:15,0x102,1,3e
2026-08-20 20:47:15,0x100,1,3b
2026-08-20 20:47:15,0x101,2,0543
2026-08-20 20:47:15,0x102,1,3f
2026-08-20 20:47:15,0x100,1,3f
2026-08-20 20:47:15,0x101,2,056a
2026-08-20 20:47:15,0x102,1,3f
2026-08-20 20:47:15,0x100,1,3b
2026-08-20 20:47:15,0x101,2,0512
2026-08-20 20:47:15,0x102,1,40
2026-08-20 20:47:15,0x100,1,3f
2026-08-20 20:47:15,0x101,2,05a5
2026-08-20 20:47:15,0x102,1,40
2026-08-20 20:47:15,0x100,1,3d
2026-08-20 20:47:15,0x101,2,0621
2026-08-20 20:47:15,0x102,1,40
2026-08-20 20:47:15,0x100,1,3d
2026-08-20 20:47:15,0x101,2,05e1
2026-08-20 20:47:15,0x102,1,40
2026-08-20 20:47:15,0x100,1,3a
2026-08-20 20:47:15,0x101,2,0554
2026-08-20 20:47:15,0x102,1,41
2026-08-20 20:47:15,0x100,1,3b
2026-08-20 20:47:15,0x101,2,0516
2026-08-20 20:47:15,0x102,1,41
2026-08-20 20:47:15,0x100,1,3a
2026-08-20 20:47:15,0x101,2,0592
2026-08-20 20:47:15,0x102,1,41
2026-08-20 20:47:15,0x100,1,37
2026-08-20 20:47:15,0x101,2,05b9
2026-08-20 20:47:15,0x102,1,42
2026-08-20 20:47:15,0x100,1,3b
2026-08-20 20:47:15,0x101,2,0618
2026-08-20 20:47:15,0x102,1,41
2026-08-20 20:47:15,0x100,1,38
2026-08-20 20:47:15,0x101,2,0677
2026-08-20 20:47:15,0x102,1,41
2026-08-20 20:47:15,0x100,1,37
2026-08-20 20:47:15,0x101,2,06f7
2026-08-20 20:47:15,0x102,1,40
2026-08-20 20:47:15,0x100,1,3c
2026-08-20 20:47:15,0x101,2,0780
2026-08-20 20:47:15,0x102,1,40
2026-08-20 20:47:15,0x100,1,3e
2026-08-20 20:47:15,0x101,2,0809
2026-08-20 20:47:15,0x102,1,40
2026-08-20 20:47:15,0x100,1,3b
2026-08-20 20:47:15,0x101,2,078a
2026-08-20 20:47:15,0x102,1,41
2026-08-20 20:47:15,0x100,1,3f
2026-08-20 20:47:15,0x101,2,0778
2026-08-20 20:47:15,0x102,1,40
2026-08-20 20:47:16,0x100,1,3d
2026-08-20 20:47:16,0x101,2,07f9
2026-08-20 20:47:16,0x102,1,41
2026-08-20 20:47:16,0x100,1,41
2026-08-20 20:47:16,0x101,2,0790
2026-08-20 20:47:16,0x102,1,41
2026-08-20 20:47:16,0x100,1,40
2026-08-20 20:47:16,0x101,2,07d7
2026-08-20 20:47:16,0x102,1,40
2026-08-20 20:47:16,0x100,1,45
2026-08-20 20:47:16,0x101,2,07d2
2026-08-20 20:47:16,0x102,1,40
2026-08-20 20:47:16,0x100,1,48
2026-08-20 20:47:16,0x101,2,07b4
2026-08-20 20:47:16,0x102,1,40
2026-08-20 20:47:16,0x100,1,4a
2026-08-20 20:47:16,0x101,2,078f
2026-08-20 20:47:16,0x102,1,3f
2026-08-20 20:47:16,0x100,1,4b
2026-08-20 20:47:16,0x101,2,0724
2026-08-20 20:47:16,0x102,1,3f
2026-08-20 20:47:16,0x100,1,4c
2026-08-20 20:47:16,0x101,2,07b9
2026-08-20 20:47:16,0x102,1,40
2026-08-20 20:47:16,0x100,1,4c
2026-08-20 20:47:16,0x101,2,0819
2026-08-20 20:47:16,0x102,1,40
2026-08-20 20:47:16,0x100,1,50
2026-08-20 20:47:16,0x101,2,082f
2026-08-20 20:47:16,0x102,1,40
2026-08-20 20:47:16,0x100,1,53
2026-08-20 20:47:16,0x101,2,07ef
2026-08-20 20:47:16,0x102,1,40
2026-08-20 20:47:16,0x100,1,53
2026-08-20 20:47:16,0x101,2,0797
2026-08-20 20:47:16,0x102,1,41
2026-08-20 20:47:16,0x100,1,53
2026-08-20 20:47:16,0x101,2,0751
2026-08-20 20:47:16,0x102,1,40
2026-08-20 20:47:16,0x100,1,55
2026-08-20 20:47:16,0x101,2,074c
2026-08-20 20:47:16,0x102,1,40
2026-08-20 20:47:16,0x100,1,58
2026-08-20 20:47:16,0x101,2,06ed
2026-08-20 20:47:16,0x102,1,40
2026-08-20 20:47:16,0x100,1,5a
2026-08-20 20:47:16,0x101,2,0733
2026-08-20 20:47:16,0x102,1,40
2026-08-20 20:47:16,0x100,1,5d
2026-08-20 20:47:16,0x101,2,06f8
2026-08-20 20:47:16,0x102,1,40
2026-08-20 20:47:16,0x100,1,5b
2026-08-20 20:47:16,0x101,2,06f1
2026-08-20 20:47:16,0x102,1,3f
2026-08-20 20:47:16,0x100,1,60
2026-08-20 20:47:16,0x101,2,070d
2026-08-20 20:47:16,0x102,1,3f
2026-08-20 20:47:16,0x100,1,5b
2026-08-20 20:47:16,0x101,2,070c
2026-08-20 20:47:16,0x102,1,3f
2026-08-20 20:47:17,0x100,1,5e
2026-08-20 20:47:17,0x101,2,06f4
2026-08-20 20:47:17,0x102,1,3f
2026-08-20 20:47:17,0x100,1,61
2026-08-20 20:47:17,0x101,2,0687
2026-08-20 20:47:17,0x102,1,3f
2026-08-20 20:47:17,0x100,1,5c
2026-08-20 20:47:17,0x101,2,0661
2026-08-20 20:47:17,0x102,1,3f
2026-08-20 20:47:17,0x100,1,61
2026-08-20 20:47:17,0x101,2,068e
2026-08-20 20:47:17,0x102,1,3f
2026-08-20 20:47:17,0x100,1,61
2026-08-20 20:47:17,0x101,2,0710
2026-08-20 20:47:17,0x102,1,3e
2026-08-20 20:47:17,0x100,1,62
2026-08-20 20:47:17,0x101,2,068d
2026-08-20 20:47:17,0x102,1,3e
2026-08-20 20:47:17,0x100,1,62
2026-08-20 20:47:17,0x101,2,0642
2026-08-20 20:47:17,0x102,1,3f
2026-08-20 20:47:17,0x100,1,60
2026-08-20 20:47:17,0x101,2,06cc
2026-08-20 20:47:17,0x102,1,40
2026-08-20 20:47:17,0x100,1,65
2026-08-20 20:47:17,0x101,2,06af
2026-08-20 20:47:17,0x102,1,3f
2026-08-20 20:47:17,0x100,1,68
2026-08-20 20:47:17,0x101,2,06df
2026-08-20 20:47:17,0x102,1,3f
2026-08-20 20:47:17,0x100,1,67
2026-08-20 20:47:17,0x101,2,076a
2026-08-20 20:47:17,0x102,1,3f
2026-08-20 20:47:17,0x100,1,6c
2026-08-20 20:47:17,0x101,2,073f
2026-08-20 20:47:17,0x102,1,3f
2026-08-20 20:47:17,0x100,1,6f
2026-08-20 20:47:17,0x101,2,06d5
2026-08-20 20:47:17,0x102,1,3f
2026-08-20 20:47:17,0x100,1,6c
2026-08-20 20:47:17,0x101,2,0758
2026-08-20 20:47:17,0x102,1,40
2026-08-20 20:47:17,0x100,1,6f
2026-08-20 20:47:17,0x101,2,076c
2026-08-20 20:47:17,0x102,1,40
2026-08-20 20:47:17,0x100,1,71
2026-08-20 20:47:17,0x101,2,0756
2026-08-20 20:47:17,0x102,1,40
2026-08-20 20:47:17,0x100,1,72
2026-08-20 20:47:17,0x101,2,06c7
2026-08-20 20:47:17,0x102,1,3f
2026-08-20 20:47:17,0x100,1,75
2026-08-20 20:47:17,0x101,2,06ba
2026-08-20 20:47:17,0x102,1,3f
2026-08-20 20:47:17,0x100,1,70
2026-08-20 20:47:17,0x101,2,0741
2026-08-20 20:47:17,0x102,1,3f
2026-08-20 20:47:17,0x100,1,74
2026-08-20 20:47:17,0x101,2,07a2
2026-08-20 20:47:17,0x102,1,3f
2026-08-20 20:47:18,0x100,1,77
2026-08-20 20:47:18,0x101,2,071b
2026-08-20 20:47:18,0x102,1,3e
2026-08-20 20:47:18,0x100,1,78
2026-08-20 20:47:18,0x101,2,0755
2026-08-20 20:47:18,0x102,1,3f
2026-08-20 20:47:18,0x100,1,77
2026-08-20 20:47:18,0x101,2,0734
2026-08-20 20:47:18,0x102,1,3f
2026-08-20 20:47:18,0x100,1,78
2026-08-20 20:47:18,0x101,2,06b0
2026-08-20 20:47:18,0x102,1,3f
2026-08-20 20:47:18,0x100,1,74
2026-08-20 20:47:18,0x101,2,0635
2026-08-20 20:47:18,0x102,1,3f
2026-08-20 20:47:18,0x100,1,74
2026-08-20 20:47:18,0x101,2,05bc
2026-08-20 20:47:18,0x102,1,40
2026-08-20 20:47:18,0x100,1,75
2026-08-20 20:47:18,0x101,2,0591
2026-08-20 20:47:18,0x102,1,40
2026-08-20 20:47:18,0x100,1,72
2026-08-20 20:47:18,0x101,2,0602
2026-08-20 20:47:18,0x102,1,3f
2026-08-20 20:47:18,0x100,1,6f
2026-08-20 20:47:18,0x101,2,0656
2026-08-20 20:47:18,0x102,1,40
2026-08-20 20:47:18,0x100,1,6c
2026-08-20 20:47:18,0x101,2,0606
2026-08-20 20:47:18,0x102,1,3f
2026-08-20 20:47:18,0x100,1,68
2026-08-20 20:47:18,0x101,2,05bf
2026-08-20 20:47:18,0x102,1,3e
2026-08-20 20:47:18,0x100,1,67
2026-08-20 20:47:18,0x101,2,0549
2026-08-20 20:47:18,0x102,1,3e
2026-08-20 20:47:18,0x100,1,6c
2026-08-20 20:47:18,0x101,2,0507
2026-08-20 20:47:18,0x102,1,3e
2026-08-20 20:47:18,0x100,1,6b
2026-08-20 20:47:18,0x101,2,04af
2026-08-20 20:47:18,0x102,1,3d
2026-08-20 20:47:18,0x100,1,6b
2026-08-20 20:47:18,0x101,2,04f8
2026-08-20 20:47:18,0x102,1,3e
2026-08-20 20:47:18,0x100,1,69
2026-08-20 20:47:18,0x101,2,0568
2026-08-20 20:47:18,0x102,1,3e
2026-08-20 20:47:18,0x100,1,65
2026-08-20 20:47:18,0x101,2,04eb
2026-08-20 20:47:18,0x102,1,3e
2026-08-20 20:47:18,0x100,1,61
2026-08-20 20:47:18,0x101,2,0471
2026-08-20 20:47:18,0x102,1,3e
2026-08-20 20:47:18,0x100,1,65
2026-08-20 20:47:18,0x101,2,04b2
2026-08-20 20:47:18,0x102,1,3d
2026-08-20 20:47:18,0x100,1,63
2026-08-20 20:47:18,0x101,2,04e8
2026-08-20 20:47:18,0x102,1,3d
2026-08-20 20:47:19,0x100,1,64
2026-08-20 20:47:19,0x101,2,04c3
2026-08-20 20:47:19,0x102,1,3d
2026-08-20 20:47:19,0x100,1,65
2026-08-20 20:47:19,0x101,2,048d
2026-08-20 20:47:19,0x102,1,3e
2026-08-20 20:47:19,0x100,1,63
2026-08-20 20:47:19,0x101,2,04fd
2026-08-20 20:47:19,0x102,1,3d
2026-08-20 20:47:19,0x100,1,62
2026-08-20 20:47:19,0x101,2,0566
2026-08-20 20:47:19,0x102,1,3d
2026-08-20 20:47:19,0x100,1,62
2026-08-20 20:47:19,0x101,2,04f9
2026-08-20 20:47:19,0x102,1,3c
2026-08-20 20:47:19,0x100,1,60
2026-08-20 20:47:19,0x101,2,04c7
2026-08-20 20:47:19,0x102,1,3b
2026-08-20 20:47:19,0x100,1,5e
2026-08-20 20:47:19,0x101,2,04d8
2026-08-20 20:47:19,0x102,1,3a
2026-08-20 20:47:19,0x100,1,5b
2026-08-20 20:47:19,0x101,2,0488
2026-08-20 20:47:19,0x102,1,3b
2026-08-20 20:47:19,0x100,1,5c
2026-08-20 20:47:19,0x101,2,047e
2026-08-20 20:47:19,0x102,1,3b
2026-08-20 20:47:19,0x100,1,5e
2026-08-20 20:47:19,0x101,2,0494
2026-08-20 20:47:19,0x102,1,3a
2026-08-20 20:47:19,0x100,1,5f
2026-08-20 20:47:19,0x101,2,04db
2026-08-20 20:47:19,0x102,1,3a
2026-08-20 20:47:19,0x100,1,5d
2026-08-20 20:47:19,0x101,2,0503
2026-08-20 20:47:19,0x102,1,3a
2026-08-20 20:47:19,0x100,1,58
2026-08-20 20:47:19,0x101,2,0556
2026-08-20 20:47:19,0x102,1,3a
2026-08-20 20:47:19,0x100,1,5a
2026-08-20 20:47:19,0x101,2,05b1
2026-08-20 20:47:19,0x102,1,3a
2026-08-20 20:47:19,0x100,1,5d
2026-08-20 20:47:19,0x101,2,059c
2026-08-20 20:47:19,0x102,1,3a
2026-08-20 20:47:19,0x100,1,59
2026-08-20 20:47:19,0x101,2,05cf
2026-08-20 20:47:19,0x102,1,39
2026-08-20 20:47:19,0x100,1,55
2026-08-20 20:47:19,0x101,2,058c
2026-08-20 20:47:19,0x102,1,39
2026-08-20 20:47:19,0x100,1,54
2026-08-20 20:47:19,0x101,2,0598
2026-08-20 20:47:19,0x102,1,39
2026-08-20 20:47:19,0x100,1,50
2026-08-20 20:47:19,0x101,2,0566
2026-08-20 20:47:19,0x102,1,3a
2026-08-20 20:47:20,0x100,1,4b
2026-08-20 20:47:20,0x101,2,05f5
2026-08-20 20:47:20,0x102,1,3a
2026-08-20 20:47:20,0x100,1,4e
2026-08-20 20:47:20,0x101,2,0625
2026-08-20 20:47:20,0x102,1,3a
2026-08-20 20:47:20,0x100,1,4c
2026-08-20 20:47:20,0x101,2,0692
2026-08-20 20:47:20,0x102,1,3a
2026-08-20 20:47:20,0x100,1,48
2026-08-20 20:47:20,0x101,2,06df
2026-08-20 20:47:20,0x102,1,3a
2026-08-20 20:47:20,0x100,1,4a
2026-08-20 20:47:20,0x101,2,066a
2026-08-20 20:47:20,0x102,1,3a
2026-08-20 20:47:20,0x100,1,47
2026-08-20 20:47:20,0x101,2,068f
2026-08-20 20:47:20,0x102,1,3b
2026-08-20 20:47:20,0x100,1,45
2026-08-20 20:47:20,0x101,2,0626
2026-08-20 20:47:20,0x102,1,3a
2026-08-20 20:47:20,0x100,1,47
2026-08-20 20:47:20,0x101,2,0623
2026-08-20 20:47:20,0x102,1,3b
2026-08-20 20:47:20,0x100,1,4b
2026-08-20 20:47:20,0x101,2,06ab
2026-08-20 20:47:20,0x102,1,3b
2026-08-20 20:47:20,0x100,1,4b
2026-08-20 20:47:20,0x101,2,071e
2026-08-20 20:47:20,0x102,1,3b
2026-08-20 20:47:20,0x100,1,46
2026-08-20 20:47:20,0x101,2,0738
2026-08-20 20:47:20,0x102,1,3b
2026-08-20 20:47:20,0x100,1,43
2026-08-20 20:47:20,0x101,2,0742
2026-08-20 20:47:20,0x102,1,3a
2026-08-20 20:47:20,0x100,1,44
2026-08-20 20:47:20,0x101,2,070b
2026-08-20 20:47:20,0x102,1,39
2026-08-20 20:47:20,0x100,1,47
2026-08-20 20:47:20,0x101,2,06b7
2026-08-20 20:47:20,0x102,1,39
2026-08-20 20:47:20,0x100,1,48
2026-08-20 20:47:20,0x101,2,063a
2026-08-20 20:47:20,0x102,1,39
2026-08-20 20:47:20,0x100,1,45
2026-08-20 20:47:20,0x101,2,06ab
2026-08-20 20:47:20,0x102,1,39
2026-08-20 20:47:20,0x100,1,49
2026-08-20 20:47:20,0x101,2,06e1
2026-08-20 20:47:20,0x102,1,39
2026-08-20 20:47:20,0x100,1,48
2026-08-20 20:47:20,0x101,2,0694
2026-08-20 20:47:20,0x102,1,39
2026-08-20 20:47:20,0x100,1,47
2026-08-20 20:47:20,0x101,2,0687
2026-08-20 20:47:20,0x102,1,38
2026-08-20 20:47:20,0x100,1,4a
2026-08-20 20:47:20,0x101,2,060f
2026-08-20 20:47:20,0x102,1,39
2026-08-20 20:47:21,0x100,1,49
2026-08-20 20:47:21,0x101,2,0653
2026-08-20 20:47:21,0x102,1,38
2026-08-20 20:47:21,0x100,1,4b
2026-08-20 20:47:21,0x101,2,06e8
2026-08-20 20:47:21,0x102,1,39
2026-08-20 20:47:21,0x100,1,4b
2026-08-20 20:47:21,0x101,2,0708
2026-08-20 20:47:21,0x102,1,39
2026-08-20 20:47:21,0x100,1,4c
2026-08-20 20:47:21,0x101,2,0791
2026-08-20 20:47:21,0x102,1,39
2026-08-20 20:47:21,0x100,1,49
2026-08-20 20:47:21,0x101,2,081e
2026-08-20 20:47:21,0x102,1,3a
2026-08-20 20:47:21,0x100,1,45
2026-08-20 20:47:21,0x101,2,084c
2026-08-20 20:47:21,0x102,1,3a
2026-08-20 20:47:21,0x100,1,45
2026-08-20 20:47:21,0x101,2,08b3
2026-08-20 20:47:21,0x102,1,39
2026-08-20 20:47:21,0x100,1,47
2026-08-20 20:47:21,0x101,2,084d
2026-08-20 20:47:21,0x102,1,39
2026-08-20 20:47:21,0x100,1,43
2026-08-20 20:47:21,0x101,2,080a
2026-08-20 20:47:21,0x102,1,3a
2026-08-20 20:47:21,0x100,1,43
2026-08-20 20:47:21,0x101,2,07d0
2026-08-20 20:47:21,0x102,1,3a
2026-08-20 20:47:21,0x100,1,40
2026-08-20 20:47:21,0x101,2,0748
2026-08-20 20:47:21,0x102,1,3a
2026-08-20 20:47:21,0x100,1,3e
2026-08-20 20:47:21,0x101,2,06c6
2026-08-20 20:47:21,0x102,1,3a
2026-08-20 20:47:21,0x100,1,3d
2026-08-20 20:47:21,0x101,2,0660
2026-08-20 20:47:21,0x102,1,3b
2026-08-20 20:47:21,0x100,1,3c
2026-08-20 20:47:21,0x101,2,05e8
2026-08-20 20:47:21,0x102,1,3a
2026-08-20 20:47:21,0x100,1,38
2026-08-20 20:47:21,0x101,2,0558
2026-08-20 20:47:21,0x102,1,3a
2026-08-20 20:47:21,0x100,1,36
2026-08-20 20:47:21,0x101,2,05c2
2026-08-20 20:47:21,0x102,1,3a
2026-08-20 20:47:21,0x100,1,35
2026-08-20 20:47:21,0x101,2,0539
2026-08-20 20:47:21,0x102,1,39
2026-08-20 20:47:21,0x100,1,30
2026-08-20 20:47:21,0x101,2,0506
2026-08-20 20:47:21,0x102,1,39
2026-08-20 20:47:21,0x100,1,2f
2026-08-20 20:47:21,0x101,2,04fb
2026-08-20 20:47:21,0x102,1,39
2026-08-20 20:47:21,0x100,1,2a
2026-08-20 20:47:21,0x101,2,04c6
2026-08-20 20:47:21,0x102,1,39
2026-08-20 20:47:22,0x100,1,27
2026-08-20 20:47:22,0x101,2,04e8
2026-08-20 20:47:22,0x102,1,39
2026-08-20 20:47:22,0x100,1,2a
2026-08-20 20:47:22,0x101,2,0478
2026-08-20 20:47:22,0x102,1,3a
2026-08-20 20:47:22,0x100,1,29
2026-08-20 20:47:22,0x101,2,0438
2026-08-20 20:47:22,0x102,1,39
2026-08-20 20:47:22,0x100,1,27
2026-08-20 20:47:22,0x101,2,03b5
2026-08-20 20:47:22,0x102,1,3a
2026-08-20 20:47:22,0x100,1,2a
2026-08-20 20:47:22,0x101,2,033b
2026-08-20 20:47:22,0x102,1,3a
2026-08-20 20:47:22,0x100,1,26
2026-08-20 20:47:22,0x101,2,0320
2026-08-20 20:47:22,0x102,1,3a
2026-08-20 20:47:22,0x100,1,22
2026-08-20 20:47:22,0x101,2,0320
2026-08-20 20:47:22,0x102,1,39
2026-08-20 20:47:22,0x100,1,23
2026-08-20 20:47:22,0x101,2,0381
2026-08-20 20:47:22,0x102,1,39
2026-08-20 20:47:22,0x100,1,22
2026-08-20 20:47:22,0x101,2,03bb
2026-08-20 20:47:22,0x102,1,3a
2026-08-20 20:47:22,0x100,1,1f
2026-08-20 20:47:22,0x101,2,0376
2026-08-20 20:47:22,0x102,1,3a
2026-08-20 20:47:22,0x100,1,1e
2026-08-20 20:47:22,0x101,2,0338
2026-08-20 20:47:22,0x102,1,3b
2026-08-20 20:47:22,0x100,1,1c
2026-08-20 20:47:22,0x101,2,038d
2026-08-20 20:47:22,0x102,1,3a
2026-08-20 20:47:22,0x100,1,1b
2026-08-20 20:47:22,0x101,2,03be
2026-08-20 20:47:22,0x102,1,3b
2026-08-20 20:47:22,0x100,1,16
2026-08-20 20:47:22,0x101,2,0357
2026-08-20 20:47:22,0x102,1,3a
2026-08-20 20:47:22,0x100,1,19
2026-08-20 20:47:22,0x101,2,034c
2026-08-20 20:47:22,0x102,1,3a
2026-08-20 20:47:22,0x100,1,1e
2026-08-20 20:47:22,0x101,2,0394
2026-08-20 20:47:22,0x102,1,3a
2026-08-20 20:47:22,0x100,1,1e
2026-08-20 20:47:22,0x101,2,0320
2026-08-20 20:47:22,0x102,1,3a
2026-08-20 20:47:22,0x100,1,1c
2026-08-20 20:47:22,0x101,2,0321
2026-08-20 20:47:22,0x102,1,3b
2026-08-20 20:47:22,0x100,1,19
2026-08-20 20:47:22,0x101,2,0323
2026-08-20 20:47:22,0x102,1,3a
2026-08-20 20:47:22,0x100,1,1d
2026-08-20 20:47:22,0x101,2,03b5
2026-08-20 20:47:22,0x102,1,39
2026-08-20 20:47:23,0x100,1,18
2026-08-20 20:47:23,0x101,2,0420
2026-08-20 20:47:23,0x102,1,39
2026-08-20 20:47:23,0x100,1,1a
2026-08-20 20:47:23,0x101,2,04b2
2026-08-20 20:47:23,0x102,1,3a
2026-08-20 20:47:23,0x100,1,18
2026-08-20 20:47:23,0x101,2,04e9
2026-08-20 20:47:23,0x102,1,3a
2026-08-20 20:47:23,0x100,1,15
2026-08-20 20:47:23,0x101,2,04c7
2026-08-20 20:47:23,0x102,1,3b
2026-08-20 20:47:23,0x100,1,15
2026-08-20 20:47:23,0x101,2,0472
2026-08-20 20:47:23,0x102,1,3a
2026-08-20 20:47:23,0x100,1,13
2026-08-20 20:47:23,0x101,2,04c8
2026-08-20 20:47:23,0x102,1,39
2026-08-20 20:47:23,0x100,1,11
2026-08-20 20:47:23,0x101,2,051a
2026-08-20 20:47:23,0x102,1,39
2026-08-20 20:47:23,0x100,1,0c
2026-08-20 20:47:23,0x101,2,050e
2026-08-20 20:47:23,0x102,1,39
2026-08-20 20:47:23,0x100,1,0c
2026-08-20 20:47:23,0x101,2,04bc
2026-08-20 20:47:23,0x102,1,3a
2026-08-20 20:47:23,0x100,1,0c
2026-08-20 20:47:23,0x101,2,04b9
2026-08-20 20:47:23,0x102,1,39
2026-08-20 20:47:23,0x100,1,0b
2026-08-20 20:47:23,0x101,2,04a3
2026-08-20 20:47:23,0x102,1,3a
2026-08-20 20:47:23,0x100,1,0b
2026-08-20 20:47:23,0x101,2,044e
2026-08-20 20:47:23,0x102,1,3a
2026-08-20 20:47:23,0x100,1,0e
2026-08-20 20:47:23,0x101,2,0407
2026-08-20 20:47:23,0x102,1,3a
2026-08-20 20:47:23,0x100,1,0a
2026-08-20 20:47:23,0x101,2,0387
2026-08-20 20:47:23,0x102,1,3b
2026-08-20 20:47:23,0x100,1,08
2026-08-20 20:47:23,0x101,2,0320
2026-08-20 20:47:23,0x102,1,3b
2026-08-20 20:47:23,0x100,1,05
2026-08-20 20:47:23,0x101,2,03ae
2026-08-20 20:47:23,0x102,1,3b
2026-08-20 20:47:23,0x100,1,03
2026-08-20 20:47:23,0x101,2,035f
2026-08-20 20:47:23,0x102,1,3a
2026-08-20 20:47:23,0x100,1,02
2026-08-20 20:47:23,0x101,2,03a4
2026-08-20 20:47:23,0x102,1,39
2026-08-20 20:47:23,0x100,1,01
2026-08-20 20:47:23,0x101,2,0346
2026-08-20 20:47:23,0x102,1,39
2026-08-20 20:47:23,0x100,1,05
2026-08-20 20:47:23,0x101,2,0320
2026-08-20 20:47:23,0x102,1,38
2026-08-20 20:47:24,0x100,1,05
2026-08-20 20:47:24,0x101,2,0321
2026-08-20 20:47:24,0x102,1,39
2026-08-20 20:47:24,0x100,1,09
2026-08-20 20:47:24,0x101,2,0320
2026-08-20 20:47:24,0x102,1,39
2026-08-20 20:47:24,0x100,1,0b
2026-08-20 20:47:24,0x101,2,0399
2026-08-20 20:47:24,0x102,1,38
2026-08-20 20:47:24,0x100,1,0b
2026-08-20 20:47:24,0x101,2,03d0
2026-08-20 20:47:24,0x102,1,39
2026-08-20 20:47:24,0x100,1,0b
2026-08-20 20:47:24,0x101,2,0453
2026-08-20 20:47:24,0x102,1,38
2026-08-20 20:47:24,0x100,1,0f
2026-08-20 20:47:24,0x101,2,04b4
2026-08-20 20:47:24,0x102,1,38
2026-08-20 20:47:24,0x100,1,12
2026-08-20 20:47:24,0x101,2,0478
2026-08-20 20:47:24,0x102,1,39
2026-08-20 20:47:24,0x100,1,16
2026-08-20 20:47:24,0x101,2,044d
2026-08-20 20:47:24,0x102,1,3a
2026-08-20 20:47:24,0x100,1,1b
2026-08-20 20:47:24,0x101,2,04c2
2026-08-20 20:47:24,0x102,1,3a
2026-08-20 20:47:24,0x100,1,1f
2026-08-20 20:47:24,0x101,2,043d
2026-08-20 20:47:24,0x102,1,3b
2026-08-20 20:47:24,0x100,1,20
2026-08-20 20:47:24,0x101,2,040a
2026-08-20 20:47:24,0x102,1,3a
2026-08-20 20:47:24,0x100,1,20
2026-08-20 20:47:24,0x101,2,041f
2026-08-20 20:47:24,0x102,1,3b
2026-08-20 20:47:24,0x100,1,1f
2026-08-20 20:47:24,0x101,2,046b
2026-08-20 20:47:24,0x102,1,3c
2026-08-20 20:47:24,0x100,1,23
2026-08-20 20:47:24,0x101,2,04e6
2026-08-20 20:47:24,0x102,1,3b
2026-08-20 20:47:24,0x100,1,23
2026-08-20 20:47:24,0x101,2,04ef
2026-08-20 20:47:24,0x102,1,3b
2026-08-20 20:47:24,0x100,1,24
2026-08-20 20:47:24,0x101,2,0547
2026-08-20 20:47:24,0x102,1,3c
2026-08-20 20:47:24,0x100,1,27
2026-08-20 20:47:24,0x101,2,052c
2026-08-20 20:47:24,0x102,1,3b
2026-08-20 20:47:24,0x100,1,2b
2026-08-20 20:47:24,0x101,2,04b9
2026-08-20 20:47:24,0x102,1,3c
2026-08-20 20:47:24,0x100,1,28
2026-08-20 20:47:24,0x101,2,0444
2026-08-20 20:47:24,0x102,1,3c
2026-08-20 20:47:25,0x100,1,23
2026-08-20 20:47:25,0x101,2,0446
2026-08-20 20:47:25,0x102,1,3d
2026-08-20 20:47:25,0x100,1,27
2026-08-20 20:47:25,0x101,2,03de
2026-08-20 20:47:25,0x102,1,3c
2026-08-20 20:47:25,0x100,1,24
2026-08-20 20:47:25,0x101,2,0375
2026-08-20 20:47:25,0x102,1,3d
2026-08-20 20:47:25,0x100,1,1f
2026-08-20 20:47:25,0x101,2,034e
2026-08-20 20:47:25,0x102,1,3e
2026-08-20 20:47:25,0x100,1,1d
2026-08-20 20:47:25,0x101,2,0369
2026-08-20 20:47:25,0x102,1,3d
2026-08-20 20:47:25,0x100,1,21
2026-08-20 20:47:25,0x101,2,038a
2026-08-20 20:47:25,0x102,1,3d
2026-08-20 20:47:25,0x100,1,1d
2026-08-20 20:47:25,0x101,2,0332
2026-08-20 20:47:25,0x102,1,3d
2026-08-20 20:47:25,0x100,1,18
2026-08-20 20:47:25,0x101,2,0320
2026-08-20 20:47:25,0x102,1,3d
2026-08-20 20:47:25,0x100,1,19
2026-08-20 20:47:25,0x101,2,0320
2026-08-20 20:47:25,0x102,1,3d
2026-08-20 20:47:25,0x100,1,1c
2026-08-20 20:47:25,0x101,2,0320
2026-08-20 20:47:25,0x102,1,3d
2026-08-20 20:47:25,0x100,1,19
2026-08-20 20:47:25,0x101,2,0392
2026-08-20 20:47:25,0x102,1,3d
2026-08-20 20:47:25,0x100,1,17
2026-08-20 20:47:25,0x101,2,0359
2026-08-20 20:47:25,0x102,1,3d
2026-08-20 20:47:25,0x100,1,1b
2026-08-20 20:47:25,0x101,2,0320
2026-08-20 20:47:25,0x102,1,3e
2026-08-20 20:47:25,0x100,1,1a
2026-08-20 20:47:25,0x101,2,03b3
2026-08-20 20:47:25,0x102,1,3d
2026-08-20 20:47:25,0x100,1,1a
2026-08-20 20:47:25,0x101,2,0432
2026-08-20 20:47:25,0x102,1,3e
2026-08-20 20:47:25,0x100,1,17
2026-08-20 20:47:25,0x101,2,03d9
2026-08-20 20:47:25,0x102,1,3e
2026-08-20 20:47:25,0x100,1,18
2026-08-20 20:47:25,0x101,2,034d
2026-08-20 20:47:25,0x102,1,3e
2026-08-20 20:47:25,0x100,1,15
2026-08-20 20:47:25,0x101,2,0378
2026-08-20 20:47:25,0x102,1,3d
2026-08-20 20:47:25,0x100,1,18
2026-08-20 20:47:25,0x101,2,03fe
2026-08-20 20:47:25,0x102,1,3d
2026-08-20 20:47:25,0x100,1,1a
2026-08-20 20:47:25,0x101,2,038f
2026-08-20 20:47:25,0x102,1,3c
2026-08-20 20:47:26,0x100,1,1c
2026-08-20 20:47:26,0x101,2,03bd
2026-08-20 20:47:26,0x102,1,3c
2026-08-20 20:47:26,0x100,1,1f
2026-08-20 20:47:26,0x101,2,036f
2026-08-20 20:47:26,0x102,1,3d
2026-08-20 20:47:26,0x100,1,1c
2026-08-20 20:47:26,0x101,2,0327
2026-08-20 20:47:26,0x102,1,3d
2026-08-20 20:47:26,0x100,1,20
2026-08-20 20:47:26,0x101,2,033d
2026-08-20 20:47:26,0x102,1,3e
2026-08-20 20:47:26,0x100,1,21
2026-08-20 20:47:26,0x101,2,0320
2026-08-20 20:47:26,0x102,1,3e
2026-08-20 20:47:26,0x100,1,21
2026-08-20 20:47:26,0x101,2,0320
2026-08-20 20:47:26,0x102,1,3d
2026-08-20 20:47:26,0x100,1,25
2026-08-20 20:47:26,0x101,2,0320
2026-08-20 20:47:26,0x102,1,3c
2026-08-20 20:47:26,0x100,1,27
2026-08-20 20:47:26,0x101,2,03a3
2026-08-20 20:47:26,0x102,1,3c
2026-08-20 20:47:26,0x100,1,2c
2026-08-20 20:47:26,0x101,2,0347
2026-08-20 20:47:26,0x102,1,3c
2026-08-20 20:47:26,0x100,1,31
2026-08-20 20:47:26,0x101,2,0320
2026-08-20 20:47:26,0x102,1,3d
2026-08-20 20:47:26,0x100,1,2e
2026-08-20 20:47:26,0x101,2,039c
2026-08-20 20:47:26,0x102,1,3d
2026-08-20 20:47:26,0x100,1,33
2026-08-20 20:47:26,0x101,2,03a4
2026-08-20 20:47:26,0x102,1,3c
2026-08-20 20:47:26,0x100,1,32
2026-08-20 20:47:26,0x101,2,03ea
2026-08-20 20:47:26,0x102,1,3b
2026-08-20 20:47:26,0x100,1,33
2026-08-20 20:47:26,0x101,2,036c
2026-08-20 20:47:26,0x102,1,3c
2026-08-20 20:47:26,0x100,1,30
2026-08-20 20:47:26,0x101,2,0320
2026-08-20 20:47:26,0x102,1,3d
2026-08-20 20:47:26,0x100,1,35
2026-08-20 20:47:26,0x101,2,0320
2026-08-20 20:47:26,0x102,1,3d
2026-08-20 20:47:26,0x100,1,30
2026-08-20 20:47:26,0x101,2,0320
2026-08-20 20:47:26,0x102,1,3d
2026-08-20 20:47:26,0x100,1,2e
2026-08-20 20:47:26,0x101,2,0370
2026-08-20 20:47:26,0x102,1,3d
2026-08-20 20:47:26,0x100,1,2c
2026-08-20 20:47:26,0x101,2,0382
2026-08-20 20:47:26,0x102,1,3d
2026-08-20 20:47:26,0x100,1,29
2026-08-20 20:47:26,0x101,2,03d4
2026-08-20 20:47:26,0x102,1,3d
2026-08-20 20:47:27,0x100,1,28
2026-08-20 20:47:27,0x101,2,03a7
2026-08-20 20:47:27,0x102,1,3e
2026-08-20 20:47:27,0x100,1,26
2026-08-20 20:47:27,0x101,2,0405
2026-08-20 20:47:27,0x102,1,3e
2026-08-20 20:47:27,0x100,1,24
2026-08-20 20:47:27,0x101,2,03d3
2026-08-20 20:47:27,0x102,1,3d
2026-08-20 20:47:27,0x100,1,26
2026-08-20 20:47:27,0x101,2,040b
2026-08-20 20:47:27,0x102,1,3e
2026-08-20 20:47:27,0x100,1,27
2026-08-20 20:47:27,0x101,2,041f
2026-08-20 20:47:27,0x102,1,3e
2026-08-20 20:47:27,0x100,1,23
2026-08-20 20:47:27,0x101,2,0449
2026-08-20 20:47:27,0x102,1,3d
2026-08-20 20:47:27,0x100,1,1f
2026-08-20 20:47:27,0x101,2,04d4
2026-08-20 20:47:27,0x102,1,3e
2026-08-20 20:47:27,0x100,1,1c
2026-08-20 20:47:27,0x101,2,0530
2026-08-20 20:47:27,0x102,1,3e
2026-08-20 20:47:27,0x100,1,1b
2026-08-20 20:47:27,0x101,2,04ff
2026-08-20 20:47:27,0x102,1,3f
2026-08-20 20:47:27,0x100,1,1f
2026-08-20 20:47:27,0x101,2,04d2
2026-08-20 20:47:27,0x102,1,3e
2026-08-20 20:47:27,0x100,1,1f
2026-08-20 20:47:27,0x101,2,04eb
2026-08-20 20:47:27,0x102,1,3e
2026-08-20 20:47:27,0x100,1,22
2026-08-20 20:47:27,0x101,2,0533
2026-08-20 20:47:27,0x102,1,3f
2026-08-20 20:47:27,0x100,1,25
2026-08-20 20:47:27,0x101,2,0500
2026-08-20 20:47:27,0x102,1,3e
2026-08-20 20:47:27,0x100,1,24
2026-08-20 20:47:27,0x101,2,0532
2026-08-20 20:47:27,0x102,1,3e
2026-08-20 20:47:27,0x100,1,23
2026-08-20 20:47:27,0x101,2,04a1
2026-08-20 20:47:27,0x102,1,3f
2026-08-20 20:47:27,0x100,1,22
2026-08-20 20:47:27,0x101,2,0444
2026-08-20 20:47:27,0x102,1,3e
2026-08-20 20:47:27,0x100,1,24
2026-08-20 20:47:27,0x101,2,03fe
2026-08-20 20:47:27,0x102,1,3d
2026-08-20 20:47:27,0x100,1,22
2026-08-20 20:47:27,0x101,2,037b
2026-08-20 20:47:27,0x102,1,3e
2026-08-20 20:47:27,0x100,1,25
2026-08-20 20:47:27,0x101,2,0346
2026-08-20 20:47:27,0x102,1,3d
2026-08-20 20:47:27,0x100,1,29
2026-08-20 20:47:27,0x101,2,0320
2026-08-20 20:47:27,0x102,1,3d
2026-08-20 20:47:28,0x100,1,2d
2026-08-20 20:47:28,0x101,2,0320
2026-08-20 20:47:28,0x102,1,3e
2026-08-20 20:47:28,0x100,1,28
2026-08-20 20:47:28,0x101,2,0320
2026-08-20 20:47:28,0x102,1,3d
2026-08-20 20:47:28,0x100,1,25
2026-08-20 20:47:28,0x101,2,0320
2026-08-20 20:47:28,0x102,1,3e
2026-08-20 20:47:28,0x100,1,23
2026-08-20 20:47:28,0x101,2,0320
2026-08-20 20:47:28,0x102,1,3d
2026-08-20 20:47:28,0x100,1,26
2026-08-20 20:47:28,0x101,2,0320
2026-08-20 20:47:28,0x102,1,3d
2026-08-20 20:47:28,0x100,1,24
2026-08-20 20:47:28,0x101,2,03b1
2026-08-20 20:47:28,0x102,1,3d
2026-08-20 20:47:28,0x100,1,21
2026-08-20 20:47:28,0x101,2,0341
2026-08-20 20:47:28,0x102,1,3d
2026-08-20 20:47:28,0x100,1,25
2026-08-20 20:47:28,0x101,2,0361
2026-08-20 20:47:28,0x102,1,3d
2026-08-20 20:47:28,0x100,1,23
2026-08-20 20:47:28,0x101,2,038e
2026-08-20 20:47:28,0x102,1,3d
2026-08-20 20:47:28,0x100,1,26
2026-08-20 20:47:28,0x101,2,033d
2026-08-20 20:47:28,0x102,1,3e
2026-08-20 20:47:28,0x100,1,29
2026-08-20 20:47:28,0x101,2,03c4
2026-08-20 20:47:28,0x102,1,3e
2026-08-20 20:47:28,0x100,1,25
2026-08-20 20:47:28,0x101,2,0347
2026-08-20 20:47:28,0x102,1,3e
2026-08-20 20:47:28,0x100,1,21
2026-08-20 20:47:28,0x101,2,03ae
2026-08-20 20:47:28,0x102,1,3e
2026-08-20 20:47:28,0x100,1,24
2026-08-20 20:47:28,0x101,2,0334
2026-08-20 20:47:28,0x102,1,3e
2026-08-20 20:47:28,0x100,1,28
2026-08-20 20:47:28,0x101,2,0320
2026-08-20 20:47:28,0x102,1,3e
2026-08-20 20:47:28,0x100,1,24
2026-08-20 20:47:28,0x101,2,0336
2026-08-20 20:47:28,0x102,1,3f
2026-08-20 20:47:28,0x100,1,29
2026-08-20 20:47:28,0x101,2,0320
2026-08-20 20:47:28,0x102,1,3f
2026-08-20 20:47:28,0x100,1,26
2026-08-20 20:47:28,0x101,2,0320
2026-08-20 20:47:28,0x102,1,3f
2026-08-20 20:47:28,0x100,1,27
2026-08-20 20:47:28,0x101,2,0320
2026-08-20 20:47:28,0x102,1,40
2026-08-20 20:47:28,0x100,1,2a
2026-08-20 20:47:28,0x101,2,03a9
2026-08-20 20:47:28,0x102,1,40
2026-08-20 20:47:29,0x100,1,2f
2026-08-20 20:47:29,0x101,2,0368
2026-08-20 20:47:29,0x102,1,3f
2026-08-20 20:47:29,0x100,1,33
2026-08-20 20:47:29,0x101,2,03a7
2026-08-20 20:47:29,0x102,1,3f
2026-08-20 20:47:29,0x100,1,32
2026-08-20 20:47:29,0x101,2,039c
2026-08-20 20:47:29,0x102,1,40
2026-08-20 20:47:29,0x100,1,2f
2026-08-20 20:47:29,0x101,2,037a
2026-08-20 20:47:29,0x102,1,3f
2026-08-20 20:47:29,0x100,1,31
2026-08-20 20:47:29,0x101,2,0320
2026-08-20 20:47:29,0x102,1,40
2026-08-20 20:47:29,0x100,1,2d
2026-08-20 20:47:29,0x101,2,038f
2026-08-20 20:47:29,0x102,1,40
2026-08-20 20:47:29,0x100,1,28
2026-08-20 20:47:29,0x101,2,041b
2026-08-20 20:47:29,0x102,1,40
2026-08-20 20:47:29,0x100,1,2c
2026-08-20 20:47:29,0x101,2,03ed
2026-08-20 20:47:29,0x102,1,40
2026-08-20 20:47:29,0x100,1,2c
2026-08-20 20:47:29,0x101,2,040e
2026-08-20 20:47:29,0x102,1,40
2026-08-20 20:47:29,0x100,1,29
2026-08-20 20:47:29,0x101,2,03db
2026-08-20 20:47:29,0x102,1,3f
2026-08-20 20:47:29,0x100,1,2e
2026-08-20 20:47:29,0x101,2,044d
2026-08-20 20:47:29,0x102,1,3e
2026-08-20 20:47:29,0x100,1,29
2026-08-20 20:47:29,0x101,2,0429
2026-08-20 20:47:29,0x102,1,3d
2026-08-20 20:47:29,0x100,1,26
2026-08-20 20:47:29,0x101,2,03b1
2026-08-20 20:47:29,0x102,1,3d
2026-08-20 20:47:29,0x100,1,24
2026-08-20 20:47:29,0x101,2,0425
2026-08-20 20:47:29,0x102,1,3d
2026-08-20 20:47:29,0x100,1,29
2026-08-20 20:47:29,0x101,2,03d0
2026-08-20 20:47:29,0x102,1,3d
2026-08-20 20:47:29,0x100,1,25
2026-08-20 20:47:29,0x101,2,036d
2026-08-20 20:47:29,0x102,1,3e
2026-08-20 20:47:29,0x100,1,21
2026-08-20 20:47:29,0x101,2,0369
2026-08-20 20:47:29,0x102,1,3e
2026-08-20 20:47:29,0x100,1,25
2026-08-20 20:47:29,0x101,2,038d
2026-08-20 20:47:29,0x102,1,3e
2026-08-20 20:47:29,0x100,1,28
2026-08-20 20:47:29,0x101,2,0329
2026-08-20 20:47:29,0x102,1,3d
2026-08-20 20:47:30,0x100,1,2b
2026-08-20 20:47:30,0x101,2,03ba
2026-08-20 20:47:30,0x102,1,3d
2026-08-20 20:47:30,0x100,1,2c
2026-08-20 20:47:30,0x101,2,044b
2026-08-20 20:47:30,0x102,1,3d
2026-08-20 20:47:30,0x100,1,2d
2026-08-20 20:47:30,0x101,2,0484
2026-08-20 20:47:30,0x102,1,3d
2026-08-20 20:47:30,0x100,1,2d
2026-08-20 20:47:30,0x101,2,04c0
2026-08-20 20:47:30,0x102,1,3c
2026-08-20 20:47:30,0x100,1,2f
2026-08-20 20:47:30,0x101,2,04da
2026-08-20 20:47:30,0x102,1,3d
2026-08-20 20:47:30,0x100,1,33
2026-08-20 20:47:30,0x101,2,04ad
2026-08-20 20:47:30,0x102,1,3c
2026-08-20 20:47:30,0x100,1,2f
2026-08-20 20:47:30,0x101,2,04af
2026-08-20 20:47:30,0x102,1,3d
2026-08-20 20:47:30,0x100,1,32
2026-08-20 20:47:30,0x101,2,0429
2026-08-20 20:47:30,0x102,1,3d
2026-08-20 20:47:30,0x100,1,2e
2026-08-20 20:47:30,0x101,2,0474
2026-08-20 20:47:30,0x102,1,3e
2026-08-20 20:47:30,0x100,1,2a
2026-08-20 20:47:30,0x101,2,049e
2026-08-20 20:47:30,0x102,1,3f
2026-08-20 20:47:30,0x100,1,2d
2026-08-20 20:47:30,0x101,2,04a4
2026-08-20 20:47:30,0x102,1,3f
2026-08-20 20:47:30,0x100,1,2c
2026-08-20 20:47:30,0x101,2,04ed
2026-08-20 20:47:30,0x102,1,40
2026-08-20 20:47:30,0x100,1,2e
2026-08-20 20:47:30,0x101,2,04fc
2026-08-20 20:47:30,0x102,1,40
2026-08-20 20:47:30,0x100,1,2c
2026-08-20 20:47:30,0x101,2,04f5
2026-08-20 20:47:30,0x102,1,40
2026-08-20 20:47:30,0x100,1,2e
2026-08-20 20:47:30,0x101,2,04ff
2026-08-20 20:47:30,0x102,1,40
2026-08-20 20:47:30,0x100,1,2b
2026-08-20 20:47:30,0x101,2,047c
2026-08-20 20:47:30,0x102,1,40
2026-08-20 20:47:30,0x100,1,26
2026-08-20 20:47:30,0x101,2,046d
2026-08-20 20:47:30,0x102,1,3f
2026-08-20 20:47:30,0x100,1,26
2026-08-20 20:47:30,0x101,2,04e9
2026-08-20 20:47:30,0x102,1,3f
2026-08-20 20:47:30,0x100,1,29
2026-08-20 20:47:30,0x101,2,04a5
2026-08-20 20:47:30,0x102,1,3f
2026-08-20 20:47:30,0x100,1,2c
2026-08-20 20:47:30,0x101,2,0455
2026-08-20 20:47:30,0x102,1,40
2026-08-20 20:47:31,0x100,1,2c
2026-08-20 20:47:31,0x101,2,040d
2026-08-20 20:47:31,0x102,1,3f
2026-08-20 20:47:31,0x100,1,28
2026-08-20 20:47:31,0x101,2,0386
2026-08-20 20:47:31,0x102,1,3f
2026-08-20 20:47:31,0x100,1,24
2026-08-20 20:47:31,0x101,2,0320
2026-08-20 20:47:31,0x102,1,3e
2026-08-20 20:47:31,0x100,1,27
2026-08-20 20:47:31,0x101,2,0320
2026-08-20 20:47:31,0x102,1,3d
2026-08-20 20:47:31,0x100,1,29
2026-08-20 20:47:31,0x101,2,037a
2026-08-20 20:47:31,0x102,1,3e
2026-08-20 20:47:31,0x100,1,28
2026-08-20 20:47:31,0x101,2,03d6
2026-08-20 20:47:31,0x102,1,3e
2026-08-20 20:47:31,0x100,1,25
2026-08-20 20:47:31,0x101,2,03e8
2026-08-20 20:47:31,0x102,1,3e
2026-08-20 20:47:31,0x100,1,27
2026-08-20 20:47:31,0x101,2,03a5
2026-08-20 20:47:31,0x102,1,3d
2026-08-20 20:47:31,0x100,1,25
2026-08-20 20:47:31,0x101,2,0335
2026-08-20 20:47:31,0x102,1,3c
2026-08-20 20:47:31,0x100,1,21
2026-08-20 20:47:31,0x101,2,03c4
2026-08-20 20:47:31,0x102,1,3d
2026-08-20 20:47:31,0x100,1,1c
2026-08-20 20:47:31,0x101,2,03ed
2026-08-20 20:47:31,0x102,1,3d
2026-08-20 20:47:31,0x100,1,20
2026-08-20 20:47:31,0x101,2,044b
2026-08-20 20:47:31,0x102,1,3c
2026-08-20 20:47:31,0x100,1,1c
2026-08-20 20:47:31,0x101,2,04d3
2026-08-20 20:47:31,0x102,1,3d
2026-08-20 20:47:31,0x100,1,17
2026-08-20 20:47:31,0x101,2,050a
2026-08-20 20:47:31,0x102,1,3c
2026-08-20 20:47:31,0x100,1,14
2026-08-20 20:47:31,0x101,2,0490
2026-08-20 20:47:31,0x102,1,3c
2026-08-20 20:47:31,0x100,1,18
2026-08-20 20:47:31,0x101,2,0523
2026-08-20 20:47:31,0x102,1,3d
2026-08-20 20:47:31,0x100,1,1d
2026-08-20 20:47:31,0x101,2,0558
2026-08-20 20:47:31,0x102,1,3d
2026-08-20 20:47:31,0x100,1,1d
2026-08-20 20:47:31,0x101,2,05da
2026-08-20 20:47:31,0x102,1,3d
2026-08-20 20:47:31,0x100,1,1d
2026-08-20 20:47:31,0x101,2,0653
2026-08-20 20:47:31,0x102,1,3d
2026-08-20 20:47:31,0x100,1,1b
2026-08-20 20:47:31,0x101,2,05d3
2026-08-20 20:47:31,0x102,1,3d
2026-08-20 20:47:32,0x100,1,17
2026-08-20 20:47:32,0x101,2,0563
2026-08-20 20:47:32,0x102,1,3d
2026-08-20 20:47:32,0x100,1,13
2026-08-20 20:47:32,0x101,2,0584
2026-08-20 20:47:32,0x102,1,3d
2026-08-20 20:47:32,0x100,1,15
2026-08-20 20:47:32,0x101,2,054b
2026-08-20 20:47:32,0x102,1,3d
2026-08-20 20:47:32,0x100,1,14
2026-08-20 20:47:32,0x101,2,05d1
2026-08-20 20:47:32,0x102,1,3d
2026-08-20 20:47:32,0x100,1,13
2026-08-20 20:47:32,0x101,2,0664
2026-08-20 20:47:32,0x102,1,3e
2026-08-20 20:47:32,0x100,1,12
2026-08-20 20:47:32,0x101,2,06c2
2026-08-20 20:47:32,0x102,1,3d
2026-08-20 20:47:32,0x100,1,13
2026-08-20 20:47:32,0x101,2,0647
2026-08-20 20:47:32,0x102,1,3c
2026-08-20 20:47:32,0x100,1,11
2026-08-20 20:47:32,0x101,2,05dc
2026-08-20 20:47:32,0x102,1,3c
2026-08-20 20:47:32,0x100,1,11
2026-08-20 20:47:32,0x101,2,05d5
2026-08-20 20:47:32,0x102,1,3c
2026-08-20 20:47:32,0x100,1,14
2026-08-20 20:47:32,0x101,2,060f
2026-08-20 20:47:32,0x102,1,3d
2026-08-20 20:47:32,0x100,1,12
2026-08-20 20:47:32,0x101,2,0621
2026-08-20 20:47:32,0x102,1,3d
2026-08-20 20:47:32,0x100,1,10
2026-08-20 20:47:32,0x101,2,05c4
2026-08-20 20:47:32,0x102,1,3c
2026-08-20 20:47:32,0x100,1,13
2026-08-20 20:47:32,0x101,2,05c5
2026-08-20 20:47:32,0x102,1,3c
2026-08-20 20:47:32,0x100,1,16
2026-08-20 20:47:32,0x101,2,05a1
2026-08-20 20:47:32,0x102,1,3d
2026-08-20 20:47:32,0x100,1,17
2026-08-20 20:47:32,0x101,2,0567
2026-08-20 20:47:32,0x102,1,3d
2026-08-20 20:47:32,0x100,1,1a
2026-08-20 20:47:32,0x101,2,0572
2026-08-20 20:47:32,0x102,1,3e
2026-08-20 20:47:32,0x100,1,19
2026-08-20 20:47:32,0x101,2,05f8
2026-08-20 20:47:32,0x102,1,3d
2026-08-20 20:47:32,0x100,1,1b
2026-08-20 20:47:32,0x101,2,0683
2026-08-20 20:47:32,0x102,1,3c
2026-08-20 20:47:32,0x100,1,1c
2026-08-20 20:47:32,0x101,2,06e2
2026-08-20 20:47:32,0x102,1,3c
2026-08-20 20:47:32,0x100,1,1a
2026-08-20 20:47:32,0x101,2,074b
2026-08-20 20:47:32,0x102,1,3c
2026-08-20 20:47:33,0x100,1,16
2026-08-20 20:47:33,0x101,2,074d
2026-08-20 20:47:33,0x102,1,3b
2026-08-20 20:47:33,0x100,1,1a
2026-08-20 20:47:33,0x101,2,077d
2026-08-20 20:47:33,0x102,1,3b
2026-08-20 20:47:33,0x100,1,1f
2026-08-20 20:47:33,0x101,2,0746
2026-08-20 20:47:33,0x102,1,3c
2026-08-20 20:47:33,0x100,1,22
2026-08-20 20:47:33,0x101,2,0773
2026-08-20 20:47:33,0x102,1,3c
2026-08-20 20:47:33,0x100,1,21
2026-08-20 20:47:33,0x101,2,073e
2026-08-20 20:47:33,0x102,1,3c
2026-08-20 20:47:33,0x100,1,22
2026-08-20 20:47:33,0x101,2,0748
2026-08-20 20:47:33,0x102,1,3c
2026-08-20 20:47:33,0x100,1,1e
2026-08-20 20:47:33,0x101,2,06bc
2026-08-20 20:47:33,0x102,1,3c
2026-08-20 20:47:33,0x100,1,21
2026-08-20 20:47:33,0x101,2,069a
2026-08-20 20:47:33,0x102,1,3d
2026-08-20 20:47:33,0x100,1,22
2026-08-20 20:47:33,0x101,2,06d7
2026-08-20 20:47:33,0x102,1,3d
2026-08-20 20:47:33,0x100,1,1e
2026-08-20 20:47:33,0x101,2,0668
2026-08-20 20:47:33,0x102,1,3e
2026-08-20 20:47:33,0x100,1,1a
2026-08-20 20:47:33,0x101,2,05f4
2026-08-20 20:47:33,0x102,1,3e
2026-08-20 20:47:33,0x100,1,19
2026-08-20 20:47:33,0x101,2,05ed
2026-08-20 20:47:33,0x102,1,3e
2026-08-20 20:47:33,0x100,1,15
2026-08-20 20:47:33,0x101,2,065f
2026-08-20 20:47:33,0x102,1,3e
2026-08-20 20:47:33,0x100,1,15
2026-08-20 20:47:33,0x101,2,0625
2026-08-20 20:47:33,0x102,1,3e
2026-08-20 20:47:33,0x100,1,18
2026-08-20 20:47:33,0x101,2,069b
2026-08-20 20:47:33,0x102,1,3f
2026-08-20 20:47:33,0x100,1,1d
2026-08-20 20:47:33,0x101,2,0669
2026-08-20 20:47:33,0x102,1,3f
2026-08-20 20:47:33,0x100,1,1a
2026-08-20 20:47:33,0x101,2,06d6
2026-08-20 20:47:33,0x102,1,40
2026-08-20 20:47:33,0x100,1,1d
2026-08-20 20:47:33,0x101,2,06d6
2026-08-20 20:47:33,0x102,1,40
2026-08-20 20:47:33,0x100,1,22
2026-08-20 20:47:33,0x101,2,0676
2026-08-20 20:47:33,0x102,1,40
2026-08-20 20:47:33,0x100,1,22
2026-08-20 20:47:33,0x101,2,05fd
2026-08-20 20:47:33,0x102,1,40
2026-08-20 20:47:34,0x100,1,25
2026-08-20 20:47:34,0x101,2,05bc
2026-08-20 20:47:34,0x102,1,40
2026-08-20 20:47:34,0x100,1,2a
2026-08-20 20:47:34,0x101,2,0607
2026-08-20 20:47:34,0x102,1,41
2026-08-20 20:47:34,0x100,1,2d
2026-08-20 20:47:34,0x101,2,05cd
2026-08-20 20:47:34,0x102,1,41
2026-08-20 20:47:34,0x100,1,2d
2026-08-20 20:47:34,0x101,2,060c
2026-08-20 20:47:34,0x102,1,41
2026-08-20 20:47:34,0x100,1,2d
2026-08-20 20:47:34,0x101,2,0604
2026-08-20 20:47:34,0x102,1,41
2026-08-20 20:47:34,0x100,1,29
2026-08-20 20:47:34,0x101,2,064c
2026-08-20 20:47:34,0x102,1,41
2026-08-20 20:47:34,0x100,1,24
2026-08-20 20:47:34,0x101,2,05f5
2026-08-20 20:47:34,0x102,1,41
2026-08-20 20:47:34,0x100,1,25
2026-08-20 20:47:34,0x101,2,0620
2026-08-20 20:47:34,0x102,1,42
2026-08-20 20:47:34,0x100,1,20
2026-08-20 20:47:34,0x101,2,05f7
2026-08-20 20:47:34,0x102,1,42
2026-08-20 20:47:34,0x100,1,23
2026-08-20 20:47:34,0x101,2,0640
2026-08-20 20:47:34,0x102,1,41
2026-08-20 20:47:34,0x100,1,25
2026-08-20 20:47:34,0x101,2,05ad
2026-08-20 20:47:34,0x102,1,42
2026-08-20 20:47:34,0x100,1,27
2026-08-20 20:47:34,0x101,2,05cb
2026-08-20 20:47:34,0x102,1,41
2026-08-20 20:47:34,0x100,1,24
2026-08-20 20:47:34,0x101,2,0549
2026-08-20 20:47:34,0x102,1,42
2026-08-20 20:47:34,0x100,1,21
2026-08-20 20:47:34,0x101,2,055a
2026-08-20 20:47:34,0x102,1,43
2026-08-20 20:47:34,0x100,1,1d
2026-08-20 20:47:34,0x101,2,04eb
2026-08-20 20:47:34,0x102,1,42
2026-08-20 20:47:34,0x100,1,19
2026-08-20 20:47:34,0x101,2,04d9
2026-08-20 20:47:34,0x102,1,43
2026-08-20 20:47:34,0x100,1,15
2026-08-20 20:47:34,0x101,2,050c
2026-08-20 20:47:34,0x102,1,43
2026-08-20 20:47:34,0x100,1,12
2026-08-20 20:47:34,0x101,2,0501
2026-08-20 20:47:34,0x102,1,44
2026-08-20 20:47:34,0x100,1,11
2026-08-20 20:47:34,0x101,2,0519
2026-08-20 20:47:34,0x102,1,44
2026-08-20 20:47:35,0x100,1,16
2026-08-20 20:47:35,0x101,2,052a
2026-08-20 20:47:35,0x102,1,44
2026-08-20 20:47:35,0x100,1,18
2026-08-20 20:47:35,0x101,2,0596
2026-08-20 20:47:35,0x102,1,43
2026-08-20 20:47:35,0x100,1,16
2026-08-20 20:47:35,0x101,2,0539
2026-08-20 20:47:35,0x102,1,44
2026-08-20 20:47:35,0x100,1,1a
2026-08-20 20:47:35,0x101,2,05a8
2026-08-20 20:47:35,0x102,1,43
2026-08-20 20:47:35,0x100,1,18
2026-08-20 20:47:35,0x101,2,05f2
2026-08-20 20:47:35,0x102,1,43
2026-08-20 20:47:35,0x100,1,17
2026-08-20 20:47:35,0x101,2,060e
2026-08-20 20:47:35,0x102,1,43
2026-08-20 20:47:35,0x100,1,16
2026-08-20 20:47:35,0x101,2,05f6
2026-08-20 20:47:35,0x102,1,43
2026-08-20 20:47:35,0x100,1,13
2026-08-20 20:47:35,0x101,2,060d
2026-08-20 20:47:35,0x102,1,44
2026-08-20 20:47:35,0x100,1,14
2026-08-20 20:47:35,0x101,2,064c
2026-08-20 20:47:35,0x102,1,44
2026-08-20 20:47:35,0x100,1,17
2026-08-20 20:47:35,0x101,2,0659
2026-08-20 20:47:35,0x102,1,43
2026-08-20 20:47:35,0x100,1,17
2026-08-20 20:47:35,0x101,2,06d3
2026-08-20 20:47:35,0x102,1,43
2026-08-20 20:47:35,0x100,1,13
2026-08-20 20:47:35,0x101,2,068f
2026-08-20 20:47:35,0x102,1,44
2026-08-20 20:47:35,0x100,1,13
2026-08-20 20:47:35,0x101,2,0716
2026-08-20 20:47:35,0x102,1,44
2026-08-20 20:47:35,0x100,1,11
2026-08-20 20:47:35,0x101,2,07a4
2026-08-20 20:47:35,0x102,1,43
2026-08-20 20:47:35,0x100,1,0f
2026-08-20 20:47:35,0x101,2,078f
2026-08-20 20:47:35,0x102,1,42
2026-08-20 20:47:35,0x100,1,13
2026-08-20 20:47:35,0x101,2,0811
2026-08-20 20:47:35,0x102,1,43
2026-08-20 20:47:35,0x100,1,11
2026-08-20 20:47:35,0x101,2,07a1
2026-08-20 20:47:35,0x102,1,43
2026-08-20 20:47:35,0x100,1,0c
2026-08-20 20:47:35,0x101,2,0811
2026-08-20 20:47:35,0x102,1,42
2026-08-20 20:47:35,0x100,1,0e
2026-08-20 20:47:35,0x101,2,0855
2026-08-20 20:47:35,0x102,1,43
2026-08-20 20:47:35,0x100,1,11
2026-08-20 20:47:35,0x101,2,07e0
2026-08-20 20:47:35,0x102,1,43
2026-08-20 20:47:36,0x100,1,10
2026-08-20 20:47:36,0x101,2,07e6
2026-08-20 20:47:36,0x102,1,44
2026-08-20 20:47:36,0x100,1,0e
2026-08-20 20:47:36,0x101,2,07ca
2026-08-20 20:47:36,0x102,1,43
2026-08-20 20:47:36,0x100,1,0e
2026-08-20 20:47:36,0x101,2,07fa
2026-08-20 20:47:36,0x102,1,43
2026-08-20 20:47:36,0x100,1,0b
2026-08-20 20:47:36,0x101,2,07f2
2026-08-20 20:47:36,0x102,1,42
2026-08-20 20:47:36,0x100,1,0c
2026-08-20 20:47:36,0x101,2,0824
2026-08-20 20:47:36,0x102,1,43
2026-08-20 20:47:36,0x100,1,0c
2026-08-20 20:47:36,0x101,2,0860
2026-08-20 20:47:36,0x102,1,42
2026-08-20 20:47:36,0x100,1,10
2026-08-20 20:47:36,0x101,2,08ec
2026-08-20 20:47:36,0x102,1,43
2026-08-20 20:47:36,0x100,1,0c
2026-08-20 20:47:36,0x101,2,0980
2026-08-20 20:47:36,0x102,1,43
2026-08-20 20:47:36,0x100,1,0c
2026-08-20 20:47:36,0x101,2,09b5
2026-08-20 20:47:36,0x102,1,44
2026-08-20 20:47:36,0x100,1,0f
2026-08-20 20:47:36,0x101,2,0a1e
2026-08-20 20:47:36,0x102,1,44
2026-08-20 20:47:36,0x100,1,0b
2026-08-20 20:47:36,0x101,2,09b9
2026-08-20 20:47:36,0x102,1,43
2026-08-20 20:47:36,0x100,1,0f
2026-08-20 20:47:36,0x101,2,0a19
2026-08-20 20:47:36,0x102,1,43
2026-08-20 20:47:36,0x100,1,0a
2026-08-20 20:47:36,0x101,2,09fb
2026-08-20 20:47:36,0x102,1,43
2026-08-20 20:47:36,0x100,1,06
2026-08-20 20:47:36,0x101,2,099d
2026-08-20 20:47:36,0x102,1,44
2026-08-20 20:47:36,0x100,1,04
2026-08-20 20:47:36,0x101,2,0929
2026-08-20 20:47:36,0x102,1,44
2026-08-20 20:47:36,0x100,1,03
2026-08-20 20:47:36,0x101,2,0907
2026-08-20 20:47:36,0x102,1,44
2026-08-20 20:47:36,0x100,1,04
2026-08-20 20:47:36,0x101,2,099b
2026-08-20 20:47:36,0x102,1,43
2026-08-20 20:47:36,0x100,1,09
2026-08-20 20:47:36,0x101,2,0a18
2026-08-20 20:47:36,0x102,1,43
2026-08-20 20:47:36,0x100,1,0a
2026-08-20 20:47:36,0x101,2,09cf
2026-08-20 20:47:36,0x102,1,44
2026-08-20 20:47:36,0x100,1,0b
2026-08-20 20:47:36,0x101,2,095a
2026-08-20 20:47:36,0x102,1,43
2026-08-20 20:47:37,0x100,1,0e
2026-08-20 20:47:37,0x101,2,097e
2026-08-20 20:47:37,0x102,1,43
2026-08-20 20:47:37,0x100,1,10
2026-08-20 20:47:37,0x101,2,0952
2026-08-20 20:47:37,0x102,1,42
2026-08-20 20:47:37,0x100,1,13
2026-08-20 20:47:37,0x101,2,0962
2026-08-20 20:47:37,0x102,1,42
2026-08-20 20:47:37,0x100,1,0f
2026-08-20 20:47:37,0x101,2,0973
2026-08-20 20:47:37,0x102,1,42
2026-08-20 20:47:37,0x100,1,0e
2026-08-20 20:47:37,0x101,2,09a3
2026-08-20 20:47:37,0x102,1,42
2026-08-20 20:47:37,0x100,1,12
2026-08-20 20:47:37,0x101,2,0a31
2026-08-20 20:47:37,0x102,1,43
2026-08-20 20:47:37,0x100,1,0f
2026-08-20 20:47:37,0x101,2,0aa0
2026-08-20 20:47:37,0x102,1,43
2026-08-20 20:47:37,0x100,1,0d
2026-08-20 20:47:37,0x101,2,0a79
2026-08-20 20:47:37,0x102,1,43
2026-08-20 20:47:37,0x100,1,0e
2026-08-20 20:47:37,0x101,2,0a3f
2026-08-20 20:47:37,0x102,1,42
2026-08-20 20:47:37,0x100,1,0b
2026-08-20 20:47:37,0x101,2,0a00
2026-08-20 20:47:37,0x102,1,43
2026-08-20 20:47:37,0x100,1,06
2026-08-20 20:47:37,0x101,2,0a4b
2026-08-20 20:47:37,0x102,1,42
2026-08-20 20:47:37,0x100,1,03
2026-08-20 20:47:37,0x101,2,09b6
2026-08-20 20:47:37,0x102,1,41
2026-08-20 20:47:37,0x100,1,00
2026-08-20 20:47:37,0x101,2,09cf
2026-08-20 20:47:37,0x102,1,41
2026-08-20 20:47:37,0x100,1,00
2026-08-20 20:47:37,0x101,2,096e
2026-08-20 20:47:37,0x102,1,41
2026-08-20 20:47:37,0x100,1,04
2026-08-20 20:47:37,0x101,2,093e
2026-08-20 20:47:37,0x102,1,42
2026-08-20 20:47:37,0x100,1,02
2026-08-20 20:47:37,0x101,2,08ab
2026-08-20 20:47:37,0x102,1,42
2026-08-20 20:47:37,0x100,1,06
2026-08-20 20:47:37,0x101,2,0832
2026-08-20 20:47:37,0x102,1,42
2026-08-20 20:47:37,0x100,1,05
2026-08-20 20:47:37,0x101,2,082a
2026-08-20 20:47:37,0x102,1,43
2026-08-20 20:47:37,0x100,1,07
2026-08-20 20:47:37,0x101,2,07d8
2026-08-20 20:47:37,0x102,1,44
2026-08-20 20:47:37,0x100,1,0c
2026-08-20 20:47:37,0x101,2,07ca
2026-08-20 20:47:37,0x102,1,44
2026-08-20 20:47:38,0x100,1,0e
2026-08-20 20:47:38,0x101,2,076e
2026-08-20 20:47:38,0x102,1,45
2026-08-20 20:47:38,0x100,1,0f
2026-08-20 20:47:38,0x101,2,078f
2026-08-20 20:47:38,0x102,1,45
2026-08-20 20:47:38,0x100,1,0b
2026-08-20 20:47:38,0x101,2,0770
2026-08-20 20:47:38,0x102,1,45
2026-08-20 20:47:38,0x100,1,0f
2026-08-20 20:47:38,0x101,2,06df
2026-08-20 20:47:38,0x102,1,45
2026-08-20 20:47:38,0x100,1,11
2026-08-20 20:47:38,0x101,2,06f6
2026-08-20 20:47:38,0x102,1,44
2026-08-20 20:47:38,0x100,1,0f
2026-08-20 20:47:38,0x101,2,0753
2026-08-20 20:47:38,0x102,1,44
2026-08-20 20:47:38,0x100,1,13
2026-08-20 20:47:38,0x101,2,0758
2026-08-20 20:47:38,0x102,1,45
2026-08-20 20:47:38,0x100,1,0f
2026-08-20 20:47:38,0x101,2,0775
2026-08-20 20:47:38,0x102,1,44
2026-08-20 20:47:38,0x100,1,0a
2026-08-20 20:47:38,0x101,2,0745
2026-08-20 20:47:38,0x102,1,45
2026-08-20 20:47:38,0x100,1,06
2026-08-20 20:47:38,0x101,2,06ca
2026-08-20 20:47:38,0x102,1,45
2026-08-20 20:47:38,0x100,1,09
2026-08-20 20:47:38,0x101,2,067a
2026-08-20 20:47:38,0x102,1,44
2026-08-20 20:47:38,0x100,1,0c
2026-08-20 20:47:38,0x101,2,0626
2026-08-20 20:47:38,0x102,1,44
2026-08-20 20:47:38,0x100,1,10
2026-08-20 20:47:38,0x101,2,05ec
2026-08-20 20:47:38,0x102,1,44
2026-08-20 20:47:38,0x100,1,0f
2026-08-20 20:47:38,0x101,2,064b
2026-08-20 20:47:38,0x102,1,43
2026-08-20 20:47:38,0x100,1,10
2026-08-20 20:47:38,0x101,2,06a4
2026-08-20 20:47:38,0x102,1,43
2026-08-20 20:47:38,0x100,1,12
2026-08-20 20:47:38,0x101,2,06e8
2026-08-20 20:47:38,0x102,1,44
2026-08-20 20:47:38,0x100,1,13
2026-08-20 20:47:38,0x101,2,06e3
2026-08-20 20:47:38,0x102,1,45
2026-08-20 20:47:38,0x100,1,16
2026-08-20 20:47:38,0x101,2,0707
2026-08-20 20:47:38,0x102,1,44
2026-08-20 20:47:38,0x100,1,17
2026-08-20 20:47:38,0x101,2,0683
2026-08-20 20:47:38,0x102,1,44
2026-08-20 20:47:38,0x100,1,19
2026-08-20 20:47:38,0x101,2,070d
2026-08-20 20:47:38,0x102,1,43
2026-08-20 20:47:39,0x100,1,19
2026-08-20 20:47:39,0x101,2,06c1
2026-08-20 20:47:39,0x102,1,44
2026-08-20 20:47:39,0x100,1,1a
2026-08-20 20:47:39,0x101,2,0635
2026-08-20 20:47:39,0x102,1,44
2026-08-20 20:47:39,0x100,1,1a
2026-08-20 20:47:39,0x101,2,068c
2026-08-20 20:47:39,0x102,1,44
2026-08-20 20:47:39,0x100,1,1d
2026-08-20 20:47:39,0x101,2,062e
2026-08-20 20:47:39,0x102,1,44
2026-08-20 20:47:39,0x100,1,20
2026-08-20 20:47:39,0x101,2,061b
2026-08-20 20:47:39,0x102,1,43
2026-08-20 20:47:39,0x100,1,25
2026-08-20 20:47:39,0x101,2,060a
2026-08-20 20:47:39,0x102,1,44
2026-08-20 20:47:39,0x100,1,2a
2026-08-20 20:47:39,0x101,2,0580
2026-08-20 20:47:39,0x102,1,44
2026-08-20 20:47:39,0x100,1,2a
2026-08-20 20:47:39,0x101,2,0534
2026-08-20 20:47:39,0x102,1,45
2026-08-20 20:47:39,0x100,1,2a
2026-08-20 20:47:39,0x101,2,053e
2026-08-20 20:47:39,0x102,1,45
2026-08-20 20:47:39,0x100,1,27
2026-08-20 20:47:39,0x101,2,054b
2026-08-20 20:47:39,0x102,1,46
2026-08-20 20:47:39,0x100,1,27
2026-08-20 20:47:39,0x101,2,051c
2026-08-20 20:47:39,0x102,1,45
2026-08-20 20:47:39,0x100,1,29
2026-08-20 20:47:39,0x101,2,04f9
2026-08-20 20:47:39,0x102,1,46
2026-08-20 20:47:39,0x100,1,29
2026-08-20 20:47:39,0x101,2,0473
2026-08-20 20:47:39,0x102,1,46
2026-08-20 20:47:39,0x100,1,26
2026-08-20 20:47:39,0x101,2,0462
2026-08-20 20:47:39,0x102,1,46
2026-08-20 20:47:39,0x100,1,26
2026-08-20 20:47:39,0x101,2,0453
2026-08-20 20:47:39,0x102,1,45
2026-08-20 20:47:39,0x100,1,2b
2026-08-20 20:47:39,0x101,2,0423
2026-08-20 20:47:39,0x102,1,46
2026-08-20 20:47:39,0x100,1,2e
2026-08-20 20:47:39,0x101,2,0459
2026-08-20 20:47:39,0x102,1,46
2026-08-20 20:47:39,0x100,1,2c
2026-08-20 20:47:39,0x101,2,04e6
2026-08-20 20:47:39,0x102,1,47
2026-08-20 20:47:39,0x100,1,28
2026-08-20 20:47:39,0x101,2,054c
2026-08-20 20:47:39,0x102,1,46
2026-08-20 20:47:40,0x100,1,29
2026-08-20 20:47:40,0x101,2,04d9
2026-08-20 20:47:40,0x102,1,46
2026-08-20 20:47:40,0x100,1,28
2026-08-20 20:47:40,0x101,2,0556
2026-08-20 20:47:40,0x102,1,45
2026-08-20 20:47:40,0x100,1,29
2026-08-20 20:47:40,0x101,2,04ef
2026-08-20 20:47:40,0x102,1,45
2026-08-20 20:47:40,0x100,1,24
2026-08-20 20:47:40,0x101,2,055d
2026-08-20 20:47:40,0x102,1,44
2026-08-20 20:47:40,0x100,1,29
2026-08-20 20:47:40,0x101,2,05d1
2026-08-20 20:47:40,0x102,1,44
2026-08-20 20:47:40,0x100,1,24
2026-08-20 20:47:40,0x101,2,058c
2026-08-20 20:47:40,0x102,1,44
2026-08-20 20:47:40,0x100,1,25
2026-08-20 20:47:40,0x101,2,059f
2026-08-20 20:47:40,0x102,1,44
2026-08-20 20:47:40,0x100,1,26
2026-08-20 20:47:40,0x101,2,0568
2026-08-20 20:47:40,0x102,1,43
2026-08-20 20:47:40,0x100,1,24
2026-08-20 20:47:40,0x101,2,051a
2026-08-20 20:47:40,0x102,1,43
2026-08-20 20:47:40,0x100,1,24
2026-08-20 20:47:40,0x101,2,0598
2026-08-20 20:47:40,0x102,1,44
2026-08-20 20:47:40,0x100,1,28
2026-08-20 20:47:40,0x101,2,0618
2026-08-20 20:47:40,0x102,1,44
2026-08-20 20:47:40,0x100,1,25
2026-08-20 20:47:40,0x101,2,0667
2026-08-20 20:47:40,0x102,1,43
2026-08-20 20:47:40,0x100,1,23
2026-08-20 20:47:40,0x101,2,0641
2026-08-20 20:47:40,0x102,1,44
2026-08-20 20:47:40,0x100,1,24
2026-08-20 20:47:40,0x101,2,0606
2026-08-20 20:47:40,0x102,1,44
2026-08-20 20:47:40,0x100,1,22
2026-08-20 20:47:40,0x101,2,05cf
2026-08-20 20:47:40,0x102,1,45
2026-08-20 20:47:40,0x100,1,26
2026-08-20 20:47:40,0x101,2,05f9
2026-08-20 20:47:40,0x102,1,44
2026-08-20 20:47:40,0x100,1,23
2026-08-20 20:47:40,0x101,2,05a1
2026-08-20 20:47:40,0x102,1,44
2026-08-20 20:47:40,0x100,1,22
2026-08-20 20:47:40,0x101,2,0636
2026-08-20 20:47:40,0x102,1,44
2026-08-20 20:47:40,0x100,1,22
2026-08-20 20:47:40,0x101,2,06bb
2026-08-20 20:47:40,0x102,1,45
2026-08-20 20:47:40,0x100,1,26
2026-08-20 20:47:40,0x101,2,0715
2026-08-20 20:47:40,0x102,1,44
2026-08-20 20:47:41,0x100,1,25
2026-08-20 20:47:41,0x101,2,069f
2026-08-20 20:47:41,0x102,1,45
2026-08-20 20:47:41,0x100,1,25
2026-08-20 20:47:41,0x101,2,06e0
2026-08-20 20:47:41,0x102,1,45
2026-08-20 20:47:41,0x100,1,29
2026-08-20 20:47:41,0x101,2,072a
2026-08-20 20:47:41,0x102,1,44
2026-08-20 20:47:41,0x100,1,2b
2026-08-20 20:47:41,0x101,2,0718
2026-08-20 20:47:41,0x102,1,44
2026-08-20 20:47:41,0x100,1,2c
2026-08-20 20:47:41,0x101,2,06e3
2026-08-20 20:47:41,0x102,1,44
2026-08-20 20:47:41,0x100,1,2d
2026-08-20 20:47:41,0x101,2,070f
2026-08-20 20:47:41,0x102,1,44
2026-08-20 20:47:41,0x100,1,2b
2026-08-20 20:47:41,0x101,2,076d
2026-08-20 20:47:41,0x102,1,43
2026-08-20 20:47:41,0x100,1,2e
2026-08-20 20:47:41,0x101,2,0702
2026-08-20 20:47:41,0x102,1,43
2026-08-20 20:47:41,0x100,1,2c
2026-08-20 20:47:41,0x101,2,06b8
2026-08-20 20:47:41,0x102,1,43
2026-08-20 20:47:41,0x100,1,31
2026-08-20 20:47:41,0x101,2,073c
2026-08-20 20:47:41,0x102,1,43
2026-08-20 20:47:41,0x100,1,32
2026-08-20 20:47:41,0x101,2,0735
2026-08-20 20:47:41,0x102,1,42
2026-08-20 20:47:41,0x100,1,32
2026-08-20 20:47:41,0x101,2,07a6
2026-08-20 20:47:41,0x102,1,42
2026-08-20 20:47:41,0x100,1,33
2026-08-20 20:47:41,0x101,2,07be
2026-08-20 20:47:41,0x102,1,41
2026-08-20 20:47:41,0x100,1,34
2026-08-20 20:47:41,0x101,2,0745
2026-08-20 20:47:41,0x102,1,41
2026-08-20 20:47:41,0x100,1,30
2026-08-20 20:47:41,0x101,2,06e9
2026-08-20 20:47:41,0x102,1,40
2026-08-20 20:47:41,0x100,1,34
2026-08-20 20:47:41,0x101,2,0671
2026-08-20 20:47:41,0x102,1,40
2026-08-20 20:47:41,0x100,1,37
2026-08-20 20:47:41,0x101,2,06d6
2026-08-20 20:47:41,0x102,1,41
2026-08-20 20:47:41,0x100,1,33
2026-08-20 20:47:41,0x101,2,0724
2026-08-20 20:47:41,0x102,1,41
2026-08-20 20:47:41,0x100,1,33
2026-08-20 20:47:41,0x101,2,0721
2026-08-20 20:47:41,0x102,1,40
2026-08-20 20:47:41,0x100,1,2f
2026-08-20 20:47:41,0x101,2,0761
2026-08-20 20:47:41,0x102,1,41
2026-08-20 20:47:42,0x100,1,2c
2026-08-20 20:47:42,0x101,2,07a8
2026-08-20 20:47:42,0x102,1,42
2026-08-20 20:47:42,0x100,1,2d
2026-08-20 20:47:42,0x101,2,07b0
2026-08-20 20:47:42,0x102,1,41
2026-08-20 20:47:42,0x100,1,30
2026-08-20 20:47:42,0x101,2,07f0
2026-08-20 20:47:42,0x102,1,40
2026-08-20 20:47:42,0x100,1,32
2026-08-20 20:47:42,0x101,2,0884
2026-08-20 20:47:42,0x102,1,41
2026-08-20 20:47:42,0x100,1,37
2026-08-20 20:47:42,0x101,2,086d
2026-08-20 20:47:42,0x102,1,41
2026-08-20 20:47:42,0x100,1,3b
2026-08-20 20:47:42,0x101,2,0857
2026-08-20 20:47:42,0x102,1,42
2026-08-20 20:47:42,0x100,1,3c
2026-08-20 20:47:42,0x101,2,08bd
2026-08-20 20:47:42,0x102,1,41
2026-08-20 20:47:42,0x100,1,3e
2026-08-20 20:47:42,0x101,2,088b
2026-08-20 20:47:42,0x102,1,41
2026-08-20 20:47:42,0x100,1,3b
2026-08-20 20:47:42,0x101,2,084d
2026-08-20 20:47:42,0x102,1,42
2026-08-20 20:47:42,0x100,1,3b
2026-08-20 20:47:42,0x101,2,07dc
2026-08-20 20:47:42,0x102,1,41
2026-08-20 20:47:42,0x100,1,3b
2026-08-20 20:47:42,0x101,2,07fc
2026-08-20 20:47:42,0x102,1,40
2026-08-20 20:47:42,0x100,1,39
2026-08-20 20:47:42,0x101,2,0787
2026-08-20 20:47:42,0x102,1,41
2026-08-20 20:47:42,0x100,1,36
2026-08-20 20:47:42,0x101,2,07f7
2026-08-20 20:47:42,0x102,1,40
2026-08-20 20:47:42,0x100,1,35
2026-08-20 20:47:42,0x101,2,087f
2026-08-20 20:47:42,0x102,1,3f
2026-08-20 20:47:42,0x100,1,35
2026-08-20 20:47:42,0x101,2,083b
2026-08-20 20:47:42,0x102,1,3f
2026-08-20 20:47:42,0x100,1,34
2026-08-20 20:47:42,0x101,2,0828
2026-08-20 20:47:42,0x102,1,3e
2026-08-20 20:47:42,0x100,1,30
2026-08-20 20:47:42,0x101,2,07e8
2026-08-20 20:47:42,0x102,1,3f
2026-08-20 20:47:42,0x100,1,33
2026-08-20 20:47:42,0x101,2,07cc
2026-08-20 20:47:42,0x102,1,3e
2026-08-20 20:47:42,0x100,1,33
2026-08-20 20:47:42,0x101,2,0769
2026-08-20 20:47:42,0x102,1,3e
2026-08-20 20:47:42,0x100,1,37
2026-08-20 20:47:42,0x101,2,078d
2026-08-20 20:47:42,0x102,1,3e
2026-08-20 20:47:43,0x100,1,36
2026-08-20 20:47:43,0x101,2,0732
2026-08-20 20:47:43,0x102,1,3d
2026-08-20 20:47:43,0x100,1,33
2026-08-20 20:47:43,0x101,2,06b5
2026-08-20 20:47:43,0x102,1,3d
2026-08-20 20:47:43,0x100,1,32
2026-08-20 20:47:43,0x101,2,0728
2026-08-20 20:47:43,0x102,1,3d
2026-08-20 20:47:43,0x100,1,34
2026-08-20 20:47:43,0x101,2,075c
2026-08-20 20:47:43,0x102,1,3d
2026-08-20 20:47:43,0x100,1,34
2026-08-20 20:47:43,0x101,2,073b
2026-08-20 20:47:43,0x102,1,3e
2026-08-20 20:47:43,0x100,1,36
2026-08-20 20:47:43,0x101,2,06ec
2026-08-20 20:47:43,0x102,1,3d
2026-08-20 20:47:43,0x100,1,3a
2026-08-20 20:47:43,0x101,2,0702
2026-08-20 20:47:43,0x102,1,3d
2026-08-20 20:47:43,0x100,1,36
2026-08-20 20:47:43,0x101,2,06ed
2026-08-20 20:47:43,0x102,1,3d
2026-08-20 20:47:43,0x100,1,37
2026-08-20 20:47:43,0x101,2,067a
2026-08-20 20:47:43,0x102,1,3e
2026-08-20 20:47:43,0x100,1,39
2026-08-20 20:47:43,0x101,2,05eb
2026-08-20 20:47:43,0x102,1,3f
2026-08-20 20:47:43,0x100,1,3d
2026-08-20 20:47:43,0x101,2,05f3
2026-08-20 20:47:43,0x102,1,3f
2026-08-20 20:47:43,0x100,1,3c
2026-08-20 20:47:43,0x101,2,05fb
2026-08-20 20:47:43,0x102,1,3f
2026-08-20 20:47:43,0x100,1,38
2026-08-20 20:47:43,0x101,2,063c
2026-08-20 20:47:43,0x102,1,3f
2026-08-20 20:47:43,0x100,1,3c
2026-08-20 20:47:43,0x101,2,0652
2026-08-20 20:47:43,0x102,1,3f
2026-08-20 20:47:43,0x100,1,40
2026-08-20 20:47:43,0x101,2,05f5
2026-08-20 20:47:43,0x102,1,40
2026-08-20 20:47:43,0x100,1,3d
2026-08-20 20:47:43,0x101,2,059c
2026-08-20 20:47:43,0x102,1,3f
2026-08-20 20:47:43,0x100,1,3f
2026-08-20 20:47:43,0x101,2,0592
2026-08-20 20:47:43,0x102,1,40
2026-08-20 20:47:43,0x100,1,44
2026-08-20 20:47:43,0x101,2,055a
2026-08-20 20:47:43,0x102,1,40
2026-08-20 20:47:43,0x100,1,45
2026-08-20 20:47:43,0x101,2,05a5
2026-08-20 20:47:43,0x102,1,41
2026-08-20 20:47:43,0x100,1,4a
2026-08-20 20:47:43,0x101,2,05cd
2026-08-20 20:47:43,0x102,1,40
2026-08-20 20:47:44,0x100,1,4a
2026-08-20 20:47:44,0x101,2,0661
2026-08-20 20:47:44,0x102,1,41
2026-08-20 20:47:44,0x100,1,4c
2026-08-20 20:47:44,0x101,2,06f5
2026-08-20 20:47:44,0x102,1,41
2026-08-20 20:47:44,0x100,1,48
2026-08-20 20:47:44,0x101,2,06bd
2026-08-20 20:47:44,0x102,1,40
2026-08-20 20:47:44,0x100,1,48
2026-08-20 20:47:44,0x101,2,0651
2026-08-20 20:47:44,0x102,1,40
2026-08-20 20:47:44,0x100,1,46
2026-08-20 20:47:44,0x101,2,05e3
2026-08-20 20:47:44,0x102,1,41
2026-08-20 20:47:44,0x100,1,41
2026-08-20 20:47:44,0x101,2,0592
2026-08-20 20:47:44,0x102,1,42
2026-08-20 20:47:44,0x100,1,3f
2026-08-20 20:47:44,0x101,2,0579
2026-08-20 20:47:44,0x102,1,42
2026-08-20 20:47:44,0x100,1,3f
2026-08-20 20:47:44,0x101,2,04f5
2026-08-20 20:47:44,0x102,1,43
2026-08-20 20:47:44,0x100,1,41
2026-08-20 20:47:44,0x101,2,0465
2026-08-20 20:47:44,0x102,1,43
2026-08-20 20:47:44,0x100,1,3d
2026-08-20 20:47:44,0x101,2,0468
2026-08-20 20:47:44,0x102,1,43
2026-08-20 20:47:44,0x100,1,3e
2026-08-20 20:47:44,0x101,2,04f2
2026-08-20 20:47:44,0x102,1,44
2026-08-20 20:47:44,0x100,1,3a
2026-08-20 20:47:44,0x101,2,0460
2026-08-20 20:47:44,0x102,1,44
2026-08-20 20:47:44,0x100,1,3f
2026-08-20 20:47:44,0x101,2,04c4
2026-08-20 20:47:44,0x102,1,44
2026-08-20 20:47:44,0x100,1,3c
2026-08-20 20:47:44,0x101,2,0519
2026-08-20 20:47:44,0x102,1,44
2026-08-20 20:47:44,0x100,1,39
2026-08-20 20:47:44,0x101,2,0563
2026-08-20 20:47:44,0x102,1,43
2026-08-20 20:47:44,0x100,1,38
2026-08-20 20:47:44,0x101,2,05c1
2026-08-20 20:47:44,0x102,1,44
2026-08-20 20:47:44,0x100,1,37
2026-08-20 20:47:44,0x101,2,0609
2026-08-20 20:47:44,0x102,1,44
2026-08-20 20:47:44,0x100,1,33
2026-08-20 20:47:44,0x101,2,0627
2026-08-20 20:47:44,0x102,1,45
2026-08-20 20:47:44,0x100,1,30
2026-08-20 20:47:44,0x101,2,0671
2026-08-20 20:47:44,0x102,1,45
2026-08-20 20:47:45,0x100,1,33
2026-08-20 20:47:45,0x101,2,06d8
2026-08-20 20:47:45,0x102,1,46
2026-08-20 20:47:45,0x100,1,37
2026-08-20 20:47:45,0x101,2,0740
2026-08-20 20:47:45,0x102,1,47
2026-08-20 20:47:45,0x100,1,35
2026-08-20 20:47:45,0x101,2,0767
2026-08-20 20:47:45,0x102,1,48
2026-08-20 20:47:45,0x100,1,39
2026-08-20 20:47:45,0x101,2,0777
2026-08-20 20:47:45,0x102,1,47
2026-08-20 20:47:45,0x100,1,3a
2026-08-20 20:47:45,0x101,2,06f2
2026-08-20 20:47:45,0x102,1,46
2026-08-20 20:47:45,0x100,1,37
2026-08-20 20:47:45,0x101,2,066c
2026-08-20 20:47:45,0x102,1,46
2026-08-20 20:47:45,0x100,1,38
2026-08-20 20:47:45,0x101,2,065c
2026-08-20 20:47:45,0x102,1,47
2026-08-20 20:47:45,0x100,1,37
2026-08-20 20:47:45,0x101,2,063e
2026-08-20 20:47:45,0x102,1,47
2026-08-20 20:47:45,0x100,1,37
2026-08-20 20:47:45,0x101,2,06a9
2026-08-20 20:47:45,0x102,1,47
2026-08-20 20:47:45,0x100,1,38
2026-08-20 20:47:45,0x101,2,06c7
2026-08-20 20:47:45,0x102,1,48
2026-08-20 20:47:45,0x100,1,3d
2026-08-20 20:47:45,0x101,2,0695
2026-08-20 20:47:45,0x102,1,48
2026-08-20 20:47:45,0x100,1,3c
2026-08-20 20:47:45,0x101,2,0688
2026-08-20 20:47:45,0x102,1,49
2026-08-20 20:47:45,0x100,1,40
2026-08-20 20:47:45,0x101,2,0639
2026-08-20 20:47:45,0x102,1,48
2026-08-20 20:47:45,0x100,1,43
2026-08-20 20:47:45,0x101,2,06bb
2026-08-20 20:47:45,0x102,1,48
2026-08-20 20:47:45,0x100,1,46
2026-08-20 20:47:45,0x101,2,0679
2026-08-20 20:47:45,0x102,1,48
2026-08-20 20:47:45,0x100,1,47
2026-08-20 20:47:45,0x101,2,0686
2026-08-20 20:47:45,0x102,1,48
2026-08-20 20:47:45,0x100,1,4b
2026-08-20 20:47:45,0x101,2,061f
2026-08-20 20:47:45,0x102,1,48
2026-08-20 20:47:45,0x100,1,4b
2026-08-20 20:47:45,0x101,2,0624
2026-08-20 20:47:45,0x102,1,48
2026-08-20 20:47:45,0x100,1,4e
2026-08-20 20:47:45,0x101,2,0635
2026-08-20 20:47:45,0x102,1,48
2026-08-20 20:47:45,0x100,1,50
2026-08-20 20:47:45,0x101,2,066d
2026-08-20 20:47:45,0x102,1,47
2026-08-20 20:47:46,0x100,1,54
2026-08-20 20:47:46,0x101,2,066a
2026-08-20 20:47:46,0x102,1,47
2026-08-20 20:47:46,0x100,1,52
2026-08-20 20:47:46,0x101,2,0603
2026-08-20 20:47:46,0x102,1,47
2026-08-20 20:47:46,0x100,1,51
2026-08-20 20:47:46,0x101,2,0653
2026-08-20 20:47:46,0x102,1,47
2026-08-20 20:47:46,0x100,1,55
2026-08-20 20:47:46,0x101,2,0602
2026-08-20 20:47:46,0x102,1,47
2026-08-20 20:47:46,0x100,1,54
2026-08-20 20:47:46,0x101,2,067e
2026-08-20 20:47:46,0x102,1,46
2026-08-20 20:47:46,0x100,1,52
2026-08-20 20:47:46,0x101,2,070d
2026-08-20 20:47:46,0x102,1,47
2026-08-20 20:47:46,0x100,1,52
2026-08-20 20:47:46,0x101,2,0772
2026-08-20 20:47:46,0x102,1,47
2026-08-20 20:47:46,0x100,1,4f
2026-08-20 20:47:46,0x101,2,07be
2026-08-20 20:47:46,0x102,1,47
2026-08-20 20:47:46,0x100,1,51
2026-08-20 20:47:46,0x101,2,080b
2026-08-20 20:47:46,0x102,1,47
2026-08-20 20:47:46,0x100,1,51
2026-08-20 20:47:46,0x101,2,07a3
2026-08-20 20:47:46,0x102,1,46
2026-08-20 20:47:46,0x100,1,55
2026-08-20 20:47:46,0x101,2,07be
2026-08-20 20:47:46,0x102,1,46
2026-08-20 20:47:46,0x100,1,52
2026-08-20 20:47:46,0x101,2,084e
2026-08-20 20:47:46,0x102,1,46
2026-08-20 20:47:46,0x100,1,52
2026-08-20 20:47:46,0x101,2,0843
2026-08-20 20:47:46,0x102,1,46
2026-08-20 20:47:46,0x100,1,53
2026-08-20 20:47:46,0x101,2,088e
2026-08-20 20:47:46,0x102,1,47
2026-08-20 20:47:46,0x100,1,53
2026-08-20 20:47:46,0x101,2,090d
2026-08-20 20:47:46,0x102,1,48
2026-08-20 20:47:46,0x100,1,55
2026-08-20 20:47:46,0x101,2,0926
2026-08-20 20:47:46,0x102,1,48
2026-08-20 20:47:46,0x100,1,51
2026-08-20 20:47:46,0x101,2,0995
2026-08-20 20:47:46,0x102,1,49
2026-08-20 20:47:46,0x100,1,54
2026-08-20 20:47:46,0x101,2,09d5
2026-08-20 20:47:46,0x102,1,49
2026-08-20 20:47:46,0x100,1,52
2026-08-20 20:47:46,0x101,2,0a07
2026-08-20 20:47:46,0x102,1,48
2026-08-20 20:47:46,0x100,1,51
2026-08-20 20:47:46,0x101,2,0a2a
2026-08-20 20:47:46,0x102,1,49
2026-08-20 20:47:47,0x100,1,54
2026-08-20 20:47:47,0x101,2,0a0b
2026-08-20 20:47:47,0x102,1,49
2026-08-20 20:47:47,0x100,1,55
2026-08-20 20:47:47,0x101,2,09c8
2026-08-20 20:47:47,0x102,1,48
2026-08-20 20:47:47,0x100,1,52
2026-08-20 20:47:47,0x101,2,0945
2026-08-20 20:47:47,0x102,1,48
2026-08-20 20:47:47,0x100,1,55
2026-08-20 20:47:47,0x101,2,0965
2026-08-20 20:47:47,0x102,1,47
2026-08-20 20:47:47,0x100,1,58
2026-08-20 20:47:47,0x101,2,097e
2026-08-20 20:47:47,0x102,1,47
2026-08-20 20:47:47,0x100,1,54
2026-08-20 20:47:47,0x101,2,09cf
2026-08-20 20:47:47,0x102,1,47
2026-08-20 20:47:47,0x100,1,56
2026-08-20 20:47:47,0x101,2,0a07
2026-08-20 20:47:47,0x102,1,48
2026-08-20 20:47:47,0x100,1,5a
2026-08-20 20:47:47,0x101,2,09f5
2026-08-20 20:47:47,0x102,1,47
2026-08-20 20:47:47,0x100,1,55
2026-08-20 20:47:47,0x101,2,09a2
2026-08-20 20:47:47,0x102,1,47
2026-08-20 20:47:47,0x100,1,52
2026-08-20 20:47:47,0x101,2,0972
2026-08-20 20:47:47,0x102,1,47
2026-08-20 20:47:47,0x100,1,55
2026-08-20 20:47:47,0x101,2,08f5
2026-08-20 20:47:47,0x102,1,47
2026-08-20 20:47:47,0x100,1,57
2026-08-20 20:47:47,0x101,2,0908
2026-08-20 20:47:47,0x102,1,47
2026-08-20 20:47:47,0x100,1,57
2026-08-20 20:47:47,0x101,2,08ac
2026-08-20 20:47:47,0x102,1,47
2026-08-20 20:47:47,0x100,1,5b
2026-08-20 20:47:47,0x101,2,0832
2026-08-20 20:47:47,0x102,1,48
2026-08-20 20:47:47,0x100,1,5d
2026-08-20 20:47:47,0x101,2,0814
2026-08-20 20:47:47,0x102,1,49
2026-08-20 20:47:47,0x100,1,60
2026-08-20 20:47:47,0x101,2,0847
2026-08-20 20:47:47,0x102,1,48
2026-08-20 20:47:47,0x100,1,5d
2026-08-20 20:47:47,0x101,2,07d3
2026-08-20 20:47:47,0x102,1,48
2026-08-20 20:47:47,0x100,1,62
2026-08-20 20:47:47,0x101,2,07ff
2026-08-20 20:47:47,0x102,1,49
2026-08-20 20:47:47,0x100,1,5e
2026-08-20 20:47:47,0x101,2,082e
2026-08-20 20:47:47,0x102,1,49
2026-08-20 20:47:47,0x100,1,5f
2026-08-20 20:47:47,0x101,2,083a
2026-08-20 20:47:47,0x102,1,49
2026-08-20 20:47:48,0x100,1,5d
2026-08-20 20:47:48,0x101,2,0842
2026-08-20 20:47:48,0x102,1,49
2026-08-20 20:47:48,0x100,1,59
2026-08-20 20:47:48,0x101,2,08a7
2026-08-20 20:47:48,0x102,1,49
2026-08-20 20:47:48,0x100,1,56
2026-08-20 20:47:48,0x101,2,0928
2026-08-20 20:47:48,0x102,1,4a
2026-08-20 20:47:48,0x100,1,58
2026-08-20 20:47:48,0x101,2,0988
2026-08-20 20:47:48,0x102,1,4a
2026-08-20 20:47:48,0x100,1,5b
2026-08-20 20:47:48,0x101,2,0907
2026-08-20 20:47:48,0x102,1,49
2026-08-20 20:47:48,0x100,1,5e
2026-08-20 20:47:48,0x101,2,0955
2026-08-20 20:47:48,0x102,1,49
2026-08-20 20:47:48,0x100,1,61
2026-08-20 20:47:48,0x101,2,0905
2026-08-20 20:47:48,0x102,1,49
2026-08-20 20:47:48,0x100,1,66
2026-08-20 20:47:48,0x101,2,0963
2026-08-20 20:47:48,0x102,1,49
2026-08-20 20:47:48,0x100,1,64
2026-08-20 20:47:48,0x101,2,09de
2026-08-20 20:47:48,0x102,1,49
2026-08-20 20:47:48,0x100,1,69
2026-08-20 20:47:48,0x101,2,0a06
2026-08-20 20:47:48,0x102,1,49
2026-08-20 20:47:48,0x100,1,6a
2026-08-20 20:47:48,0x101,2,0a22
2026-08-20 20:47:48,0x102,1,49
2026-08-20 20:47:48,0x100,1,6e
2026-08-20 20:47:48,0x101,2,0a62
2026-08-20 20:47:48,0x102,1,49
2026-08-20 20:47:48,0x100,1,73
2026-08-20 20:47:48,0x101,2,0a1f
2026-08-20 20:47:48,0x102,1,4a
2026-08-20 20:47:48,0x100,1,70
2026-08-20 20:47:48,0x101,2,09e5
2026-08-20 20:47:48,0x102,1,49
2026-08-20 20:47:48,0x100,1,6e
2026-08-20 20:47:48,0x101,2,0a15
2026-08-20 20:47:48,0x102,1,48
2026-08-20 20:47:48,0x100,1,6b
2026-08-20 20:47:48,0x101,2,0a59
2026-08-20 20:47:48,0x102,1,47
2026-08-20 20:47:48,0x100,1,68
2026-08-20 20:47:48,0x101,2,0a1b
2026-08-20 20:47:48,0x102,1,48
2026-08-20 20:47:48,0x100,1,69
2026-08-20 20:47:48,0x101,2,0a39
2026-08-20 20:47:48,0x102,1,49
2026-08-20 20:47:48,0x100,1,66
2026-08-20 20:47:48,0x101,2,09af
2026-08-20 20:47:48,0x102,1,49
2026-08-20 20:47:49,0x100,1,69
2026-08-20 20:47:49,0x101,2,0937
2026-08-20 20:47:49,0x102,1,48
2026-08-20 20:47:49,0x100,1,6b
2026-08-20 20:47:49,0x101,2,09a8
2026-08-20 20:47:49,0x102,1,48
2026-08-20 20:47:49,0x100,1,6a
2026-08-20 20:47:49,0x101,2,0973
2026-08-20 20:47:49,0x102,1,49
2026-08-20 20:47:49,0x100,1,67
2026-08-20 20:47:49,0x101,2,08ec
2026-08-20 20:47:49,0x102,1,48
2026-08-20 20:47:49,0x100,1,67
2026-08-20 20:47:49,0x101,2,08a7
2026-08-20 20:47:49,0x102,1,48
2026-08-20 20:47:49,0x100,1,63
2026-08-20 20:47:49,0x101,2,08ae
2026-08-20 20:47:49,0x102,1,47
2026-08-20 20:47:49,0x100,1,65
2026-08-20 20:47:49,0x101,2,0900
2026-08-20 20:47:49,0x102,1,47
2026-08-20 20:47:49,0x100,1,6a
2026-08-20 20:47:49,0x101,2,096d
2026-08-20 20:47:49,0x102,1,48
2026-08-20 20:47:49,0x100,1,69
2026-08-20 20:47:49,0x101,2,09b5
2026-08-20 20:47:49,0x102,1,47
2026-08-20 20:47:49,0x100,1,6a
2026-08-20 20:47:49,0x101,2,09b0
2026-08-20 20:47:49,0x102,1,48
2026-08-20 20:47:49,0x100,1,6e
2026-08-20 20:47:49,0x101,2,09b0
2026-08-20 20:47:49,0x102,1,48
2026-08-20 20:47:49,0x100,1,6e
2026-08-20 20:47:49,0x101,2,0944
2026-08-20 20:47:49,0x102,1,48
2026-08-20 20:47:49,0x100,1,6f
2026-08-20 20:47:49,0x101,2,095a
2026-08-20 20:47:49,0x102,1,49
2026-08-20 20:47:49,0x100,1,6d
2026-08-20 20:47:49,0x101,2,0908
2026-08-20 20:47:49,0x102,1,48
2026-08-20 20:47:49,0x100,1,6d
2026-08-20 20:47:49,0x101,2,08f1
2026-08-20 20:47:49,0x102,1,48
2026-08-20 20:47:49,0x100,1,71
2026-08-20 20:47:49,0x101,2,08f4
2026-08-20 20:47:49,0x102,1,47
2026-08-20 20:47:49,0x100,1,6e
2026-08-20 20:47:49,0x101,2,0967
2026-08-20 20:47:49,0x102,1,48
2026-08-20 20:47:49,0x100,1,70
2026-08-20 20:47:49,0x101,2,09fd
2026-08-20 20:47:49,0x102,1,48
2026-08-20 20:47:49,0x100,1,6f
2026-08-20 20:47:49,0x101,2,0a92
2026-08-20 20:47:49,0x102,1,47
2026-08-20 20:47:49,0x100,1,6f
2026-08-20 20:47:49,0x101,2,0a9d
2026-08-20 20:47:49,0x102,1,48
2026-08-20 20:47:50,0x100,1,6e
2026-08-20 20:47:50,0x101,2,0aec
2026-08-20 20:47:50,0x102,1,48
2026-08-20 20:47:50,0x100,1,6b
2026-08-20 20:47:50,0x101,2,0b7c
2026-08-20 20:47:50,0x102,1,49
2026-08-20 20:47:50,0x100,1,6e
2026-08-20 20:47:50,0x101,2,0c01
2026-08-20 20:47:50,0x102,1,4a
2026-08-20 20:47:50,0x100,1,73
2026-08-20 20:47:50,0x101,2,0c59
2026-08-20 20:47:50,0x102,1,4a
2026-08-20 20:47:50,0x100,1,77
2026-08-20 20:47:50,0x101,2,0ca3
2026-08-20 20:47:50,0x102,1,4a
2026-08-20 20:47:50,0x100,1,78
2026-08-20 20:47:50,0x101,2,0cc1
2026-08-20 20:47:50,0x102,1,4a
2026-08-20 20:47:50,0x100,1,77
2026-08-20 20:47:50,0x101,2,0d0d
2026-08-20 20:47:50,0x102,1,4a
2026-08-20 20:47:50,0x100,1,76
2026-08-20 20:47:50,0x101,2,0d69
2026-08-20 20:47:50,0x102,1,4a
2026-08-20 20:47:50,0x100,1,74
2026-08-20 20:47:50,0x101,2,0d81
2026-08-20 20:47:50,0x102,1,4a
2026-08-20 20:47:50,0x100,1,75
2026-08-20 20:47:50,0x101,2,0d39
2026-08-20 20:47:50,0x102,1,4a
2026-08-20 20:47:50,0x100,1,74
2026-08-20 20:47:50,0x101,2,0dc1
2026-08-20 20:47:50,0x102,1,4a
2026-08-20 20:47:50,0x100,1,6f
2026-08-20 20:47:50,0x101,2,0e48
2026-08-20 20:47:50,0x102,1,4a
2026-08-20 20:47:50,0x100,1,71
2026-08-20 20:47:50,0x101,2,0ec1
2026-08-20 20:47:50,0x102,1,4b
2026-08-20 20:47:50,0x100,1,6f
2026-08-20 20:47:50,0x101,2,0ede
2026-08-20 20:47:50,0x102,1,4b
2026-08-20 20:47:50,0x100,1,73
2026-08-20 20:47:50,0x101,2,0f1d
2026-08-20 20:47:50,0x102,1,4a
2026-08-20 20:47:50,0x100,1,72
2026-08-20 20:47:50,0x101,2,0f36
2026-08-20 20:47:50,0x102,1,4b
2026-08-20 20:47:50,0x100,1,73
2026-08-20 20:47:50,0x101,2,0fc2
2026-08-20 20:47:50,0x102,1,4b
2026-08-20 20:47:50,0x100,1,71
2026-08-20 20:47:50,0x101,2,0f99
2026-08-20 20:47:50,0x102,1,4b
2026-08-20 20:47:50,0x100,1,73
2026-08-20 20:47:50,0x101,2,0fdf
2026-08-20 20:47:50,0x102,1,4b
2026-08-20 20:47:50,0x100,1,72
2026-08-20 20:47:50,0x101,2,0f61
2026-08-20 20:47:50,0x102,1,4c
2026-08-20 20:47:51,0x100,1,71
2026-08-20 20:47:51,0x101,2,0f2a
2026-08-20 20:47:51,0x102,1,4b
2026-08-20 20:47:51,0x100,1,73
2026-08-20 20:47:51,0x101,2,0fb4
2026-08-20 20:47:51,0x102,1,4b
2026-08-20 20:47:51,0x100,1,71
2026-08-20 20:47:51,0x101,2,0fbd
2026-08-20 20:47:51,0x102,1,4a
2026-08-20 20:47:51,0x100,1,73
2026-08-20 20:47:51,0x101,2,0f43
2026-08-20 20:47:51,0x102,1,4a
2026-08-20 20:47:51,0x100,1,71
2026-08-20 20:47:51,0x101,2,0f5d
2026-08-20 20:47:51,0x102,1,49
2026-08-20 20:47:51,0x100,1,6e
2026-08-20 20:47:51,0x101,2,0f0e
2026-08-20 20:47:51,0x102,1,4a
2026-08-20 20:47:51,0x100,1,70
2026-08-20 20:47:51,0x101,2,0f82
2026-08-20 20:47:51,0x102,1,4b
2026-08-20 20:47:51,0x100,1,6e
2026-08-20 20:47:51,0x101,2,0ef5
2026-08-20 20:47:51,0x102,1,4a
2026-08-20 20:47:51,0x100,1,71
2026-08-20 20:47:51,0x101,2,0e72
2026-08-20 20:47:51,0x102,1,4a
2026-08-20 20:47:51,0x100,1,71
2026-08-20 20:47:51,0x101,2,0e64
2026-08-20 20:47:51,0x102,1,4b
2026-08-20 20:47:51,0x100,1,6f
2026-08-20 20:47:51,0x101,2,0ecd
2026-08-20 20:47:51,0x102,1,4a
2026-08-20 20:47:51,0x100,1,6c
2026-08-20 20:47:51,0x101,2,0eb8
2026-08-20 20:47:51,0x102,1,4b
2026-08-20 20:47:51,0x100,1,6e
2026-08-20 20:47:51,0x101,2,0eec
2026-08-20 20:47:51,0x102,1,4b
2026-08-20 20:47:51,0x100,1,70
2026-08-20 20:47:51,0x101,2,0f30
2026-08-20 20:47:51,0x102,1,4a
2026-08-20 20:47:51,0x100,1,75
2026-08-20 20:47:51,0x101,2,0f5c
2026-08-20 20:47:51,0x102,1,4b
2026-08-20 20:47:51,0x100,1,70
2026-08-20 20:47:51,0x101,2,0fa3
2026-08-20 20:47:51,0x102,1,4c
2026-08-20 20:47:51,0x100,1,70
2026-08-20 20:47:51,0x101,2,0fcf
2026-08-20 20:47:51,0x102,1,4b
2026-08-20 20:47:51,0x100,1,6c
2026-08-20 20:47:51,0x101,2,0fac
2026-08-20 20:47:51,0x102,1,4c
2026-08-20 20:47:51,0x100,1,70
2026-08-20 20:47:51,0x101,2,1040
2026-08-20 20:47:51,0x102,1,4c
2026-08-20 20:47:51,0x100,1,75
2026-08-20 20:47:51,0x101,2,1004
2026-08-20 20:47:51,0x102,1,4c
2026-08-20 20:47:52,0x100,1,71
2026-08-20 20:47:52,0x101,2,1052
2026-08-20 20:47:52,0x102,1,4c
2026-08-20 20:47:52,0x100,1,75
2026-08-20 20:47:52,0x101,2,105a
2026-08-20 20:47:52,0x102,1,4c
2026-08-20 20:47:52,0x100,1,73
2026-08-20 20:47:52,0x101,2,106c
2026-08-20 20:47:52,0x102,1,4c
2026-08-20 20:47:52,0x100,1,73
2026-08-20 20:47:52,0x101,2,1058
2026-08-20 20:47:52,0x102,1,4c
2026-08-20 20:47:52,0x100,1,74
2026-08-20 20:47:52,0x101,2,105a
2026-08-20 20:47:52,0x102,1,4b
2026-08-20 20:47:52,0x100,1,78
2026-08-20 20:47:52,0x101,2,1004
2026-08-20 20:47:52,0x102,1,4c
2026-08-20 20:47:52,0x100,1,78
2026-08-20 20:47:52,0x101,2,0f73
2026-08-20 20:47:52,0x102,1,4c
2026-08-20 20:47:52,0x100,1,78
2026-08-20 20:47:52,0x101,2,0f30
2026-08-20 20:47:52,0x102,1,4c
2026-08-20 20:47:52,0x100,1,74
2026-08-20 20:47:52,0x101,2,0f60
2026-08-20 20:47:52,0x102,1,4b
2026-08-20 20:47:52,0x100,1,71
2026-08-20 20:47:52,0x101,2,0f7a
2026-08-20 20:47:52,0x102,1,4c
2026-08-20 20:47:52,0x100,1,74
2026-08-20 20:47:52,0x101,2,0fa3
2026-08-20 20:47:52,0x102,1,4d
2026-08-20 20:47:52,0x100,1,78
2026-08-20 20:47:52,0x101,2,0fc9
2026-08-20 20:47:52,0x102,1,4c
2026-08-20 20:47:52,0x100,1,78
2026-08-20 20:47:52,0x101,2,0f53
2026-08-20 20:47:52,0x102,1,4b
2026-08-20 20:47:52,0x100,1,78
2026-08-20 20:47:52,0x101,2,0f4e
2026-08-20 20:47:52,0x102,1,4b
2026-08-20 20:47:52,0x100,1,76
2026-08-20 20:47:52,0x101,2,0fc5
2026-08-20 20:47:52,0x102,1,4b
2026-08-20 20:47:52,0x100,1,71
2026-08-20 20:47:52,0x101,2,0fa8
2026-08-20 20:47:52,0x102,1,4c
2026-08-20 20:47:52,0x100,1,71
2026-08-20 20:47:52,0x101,2,0fce
2026-08-20 20:47:52,0x102,1,4b
2026-08-20 20:47:52,0x100,1,72
2026-08-20 20:47:52,0x101,2,0fa2
2026-08-20 20:47:52,0x102,1,4b
2026-08-20 20:47:52,0x100,1,74
2026-08-20 20:47:52,0x101,2,0ff8
2026-08-20 20:47:52,0x102,1,4c
2026-08-20 20:47:52,0x100,1,77
2026-08-20 20:47:52,0x101,2,1007
2026-08-20 20:47:52,0x102,1,4c
2026-08-20 20:47:53,0x100,1,77
2026-08-20 20:47:53,0x101,2,0fd1
2026-08-20 20:47:53,0x102,1,4c
2026-08-20 20:47:53,0x100,1,72
2026-08-20 20:47:53,0x101,2,0fd7
2026-08-20 20:47:53,0x102,1,4d
2026-08-20 20:47:53,0x100,1,71
2026-08-20 20:47:53,0x101,2,0fcd
2026-08-20 20:47:53,0x102,1,4e
2026-08-20 20:47:53,0x100,1,70
2026-08-20 20:47:53,0x101,2,0fac
2026-08-20 20:47:53,0x102,1,4e
2026-08-20 20:47:53,0x100,1,73
2026-08-20 20:47:53,0x101,2,0f5b
2026-08-20 20:47:53,0x102,1,4e
2026-08-20 20:47:53,0x100,1,77
2026-08-20 20:47:53,0x101,2,0f0a
2026-08-20 20:47:53,0x102,1,4d
2026-08-20 20:47:53,0x100,1,78
2026-08-20 20:47:53,0x101,2,0f6f
2026-08-20 20:47:53,0x102,1,4d
2026-08-20 20:47:53,0x100,1,77
2026-08-20 20:47:53,0x101,2,0fb7
2026-08-20 20:47:53,0x102,1,4d
2026-08-20 20:47:53,0x100,1,73
2026-08-20 20:47:53,0x101,2,100e
2026-08-20 20:47:53,0x102,1,4d
2026-08-20 20:47:53,0x100,1,74
2026-08-20 20:47:53,0x101,2,1017
2026-08-20 20:47:53,0x102,1,4d
2026-08-20 20:47:53,0x100,1,77
2026-08-20 20:47:53,0x101,2,1043
2026-08-20 20:47:53,0x102,1,4e
2026-08-20 20:47:53,0x100,1,73
2026-08-20 20:47:53,0x101,2,0fde
2026-08-20 20:47:53,0x102,1,4e
2026-08-20 20:47:53,0x100,1,71
2026-08-20 20:47:53,0x101,2,1042
2026-08-20 20:47:53,0x102,1,4e
2026-08-20 20:47:53,0x100,1,6e
2026-08-20 20:47:53,0x101,2,1055
2026-08-20 20:47:53,0x102,1,4f
2026-08-20 20:47:53,0x100,1,72
2026-08-20 20:47:53,0x101,2,0fc3
2026-08-20 20:47:53,0x102,1,4e
2026-08-20 20:47:53,0x100,1,73
2026-08-20 20:47:53,0x101,2,1054
2026-08-20 20:47:53,0x102,1,4e
2026-08-20 20:47:53,0x100,1,77
2026-08-20 20:47:53,0x101,2,0ffe
2026-08-20 20:47:53,0x102,1,4e
2026-08-20 20:47:53,0x100,1,75
2026-08-20 20:47:53,0x101,2,0ffe
2026-08-20 20:47:53,0x102,1,4e
2026-08-20 20:47:53,0x100,1,72
2026-08-20 20:47:53,0x101,2,0fb7
2026-08-20 20:47:53,0x102,1,4e
2026-08-20 20:47:53,0x100,1,72
2026-08-20 20:47:53,0x101,2,0fed
2026-08-20 20:47:53,0x102,1,4d
2026-08-20 20:47:54,0x100,1,71
2026-08-20 20:47:54,0x101,2,103b
2026-08-20 20:47:54,0x102,1,4d
2026-08-20 20:47:54,0x100,1,6f
2026-08-20 20:47:54,0x101,2,10c6
2026-08-20 20:47:54,0x102,1,4c
2026-08-20 20:47:54,0x100,1,73
2026-08-20 20:47:54,0x101,2,109f
2026-08-20 20:47:54,0x102,1,4d
2026-08-20 20:47:54,0x100,1,76
2026-08-20 20:47:54,0x101,2,10f4
2026-08-20 20:47:54,0x102,1,4d
2026-08-20 20:47:54,0x100,1,74
2026-08-20 20:47:54,0x101,2,1088
2026-08-20 20:47:54,0x102,1,4d
2026-08-20 20:47:54,0x100,1,74
2026-08-20 20:47:54,0x101,2,1029
2026-08-20 20:47:54,0x102,1,4e
2026-08-20 20:47:54,0x100,1,75
2026-08-20 20:47:54,0x101,2,0fa7
2026-08-20 20:47:54,0x102,1,4e
2026-08-20 20:47:54,0x100,1,73
2026-08-20 20:47:54,0x101,2,0fd3
2026-08-20 20:47:54,0x102,1,4f
2026-08-20 20:47:54,0x100,1,77
2026-08-20 20:47:54,0x101,2,0ff0
2026-08-20 20:47:54,0x102,1,4f
2026-08-20 20:47:54,0x100,1,78
2026-08-20 20:47:54,0x101,2,0f9c
2026-08-20 20:47:54,0x102,1,4f
2026-08-20 20:47:54,0x100,1,78
2026-08-20 20:47:54,0x101,2,1014
2026-08-20 20:47:54,0x102,1,4f
2026-08-20 20:47:54,0x100,1,73
2026-08-20 20:47:54,0x101,2,102b
2026-08-20 20:47:54,0x102,1,4f
2026-08-20 20:47:54,0x100,1,77
2026-08-20 20:47:54,0x101,2,1000
2026-08-20 20:47:54,0x102,1,4f
2026-08-20 20:47:54,0x100,1,78
2026-08-20 20:47:54,0x101,2,1092
2026-08-20 20:47:54,0x102,1,4e
2026-08-20 20:47:54,0x100,1,74
2026-08-20 20:47:54,0x101,2,10fe
2026-08-20 20:47:54,0x102,1,4f
2026-08-20 20:47:54,0x100,1,78
2026-08-20 20:47:54,0x101,2,106b
2026-08-20 20:47:54,0x102,1,4f
2026-08-20 20:47:54,0x100,1,75
2026-08-20 20:47:54,0x101,2,105d
2026-08-20 20:47:54,0x102,1,4f
2026-08-20 20:47:54,0x100,1,72
2026-08-20 20:47:54,0x101,2,1006
2026-08-20 20:47:54,0x102,1,50
2026-08-20 20:47:54,0x100,1,6e
2026-08-20 20:47:54,0x101,2,100a
2026-08-20 20:47:54,0x102,1,50
2026-08-20 20:47:55,0x100,1,6d
2026-08-20 20:47:55,0x101,2,105b
2026-08-20 20:47:55,0x102,1,50
2026-08-20 20:47:55,0x100,1,68
2026-08-20 20:47:55,0x101,2,1038
2026-08-20 20:47:55,0x102,1,50
2026-08-20 20:47:55,0x100,1,65
2026-08-20 20:47:55,0x101,2,10ae
2026-08-20 20:47:55,0x102,1,50
2026-08-20 20:47:55,0x100,1,61
2026-08-20 20:47:55,0x101,2,10be
2026-08-20 20:47:55,0x102,1,50
2026-08-20 20:47:55,0x100,1,5f
2026-08-20 20:47:55,0x101,2,10b8
2026-08-20 20:47:55,0x102,1,4f
2026-08-20 20:47:55,0x100,1,5e
2026-08-20 20:47:55,0x101,2,10e3
2026-08-20 20:47:55,0x102,1,4f
2026-08-20 20:47:55,0x100,1,61
2026-08-20 20:47:55,0x101,2,10d9
2026-08-20 20:47:55,0x102,1,4f
2026-08-20 20:47:55,0x100,1,61
2026-08-20 20:47:55,0x101,2,10a2
2026-08-20 20:47:55,0x102,1,50
2026-08-20 20:47:55,0x100,1,5f
2026-08-20 20:47:55,0x101,2,1105
2026-08-20 20:47:55,0x102,1,51
2026-08-20 20:47:55,0x100,1,5d
2026-08-20 20:47:55,0x101,2,118a
2026-08-20 20:47:55,0x102,1,51
2026-08-20 20:47:55,0x100,1,5b
2026-08-20 20:47:55,0x101,2,1191
2026-08-20 20:47:55,0x102,1,50
2026-08-20 20:47:55,0x100,1,57
2026-08-20 20:47:55,0x101,2,111b
2026-08-20 20:47:55,0x102,1,51
2026-08-20 20:47:55,0x100,1,5a
2026-08-20 20:47:55,0x101,2,109c
2026-08-20 20:47:55,0x102,1,50
2026-08-20 20:47:55,0x100,1,5c
2026-08-20 20:47:55,0x101,2,10d6
2026-08-20 20:47:55,0x102,1,4f
2026-08-20 20:47:55,0x100,1,5f
2026-08-20 20:47:55,0x101,2,1083
2026-08-20 20:47:55,0x102,1,4f
2026-08-20 20:47:55,0x100,1,63
2026-08-20 20:47:55,0x101,2,0fee
2026-08-20 20:47:55,0x102,1,4e
2026-08-20 20:47:55,0x100,1,65
2026-08-20 20:47:55,0x101,2,0f6f
2026-08-20 20:47:55,0x102,1,4d
2026-08-20 20:47:55,0x100,1,68
2026-08-20 20:47:55,0x101,2,0fec
2026-08-20 20:47:55,0x102,1,4e
2026-08-20 20:47:55,0x100,1,69
2026-08-20 20:47:55,0x101,2,102b
2026-08-20 20:47:55,0x102,1,4f
2026-08-20 20:47:55,0x100,1,65
2026-08-20 20:47:55,0x101,2,1055
2026-08-20 20:47:55,0x102,1,4e
2026-08-20 20:47:56,0x100,1,62
2026-08-20 20:47:56,0x101,2,1000
2026-08-20 20:47:56,0x102,1,4d
2026-08-20 20:47:56,0x100,1,60
2026-08-20 20:47:56,0x101,2,1056
2026-08-20 20:47:56,0x102,1,4d
2026-08-20 20:47:56,0x100,1,61
2026-08-20 20:47:56,0x101,2,101d
2026-08-20 20:47:56,0x102,1,4d
2026-08-20 20:47:56,0x100,1,62
2026-08-20 20:47:56,0x101,2,104c
2026-08-20 20:47:56,0x102,1,4e
2026-08-20 20:47:56,0x100,1,60
2026-08-20 20:47:56,0x101,2,0fc7
2026-08-20 20:47:56,0x102,1,4d
2026-08-20 20:47:56,0x100,1,5b
2026-08-20 20:47:56,0x101,2,0f3c
2026-08-20 20:47:56,0x102,1,4c
2026-08-20 20:47:56,0x100,1,57
2026-08-20 20:47:56,0x101,2,0ec6
2026-08-20 20:47:56,0x102,1,4c
2026-08-20 20:47:56,0x100,1,56
2026-08-20 20:47:56,0x101,2,0eb2
2026-08-20 20:47:56,0x102,1,4c
2026-08-20 20:47:56,0x100,1,55
2026-08-20 20:47:56,0x101,2,0e1d
2026-08-20 20:47:56,0x102,1,4c
2026-08-20 20:47:56,0x100,1,57
2026-08-20 20:47:56,0x101,2,0e20
2026-08-20 20:47:56,0x102,1,4d
2026-08-20 20:47:56,0x100,1,52
2026-08-20 20:47:56,0x101,2,0dd6
2026-08-20 20:47:56,0x102,1,4d
2026-08-20 20:47:56,0x100,1,52
2026-08-20 20:47:56,0x101,2,0e1f
2026-08-20 20:47:56,0x102,1,4d
2026-08-20 20:47:56,0x100,1,55
2026-08-20 20:47:56,0x101,2,0e48
2026-08-20 20:47:56,0x102,1,4c
2026-08-20 20:47:56,0x100,1,54
2026-08-20 20:47:56,0x101,2,0e67
2026-08-20 20:47:56,0x102,1,4b
2026-08-20 20:47:56,0x100,1,59
2026-08-20 20:47:56,0x101,2,0e49
2026-08-20 20:47:56,0x102,1,4b
2026-08-20 20:47:56,0x100,1,5a
2026-08-20 20:47:56,0x101,2,0e8d
2026-08-20 20:47:56,0x102,1,4b
2026-08-20 20:47:56,0x100,1,57
2026-08-20 20:47:56,0x101,2,0ef1
2026-08-20 20:47:56,0x102,1,4a
2026-08-20 20:47:56,0x100,1,56
2026-08-20 20:47:56,0x101,2,0f26
2026-08-20 20:47:56,0x102,1,49
2026-08-20 20:47:56,0x100,1,52
2026-08-20 20:47:56,0x101,2,0f6a
2026-08-20 20:47:56,0x102,1,49
2026-08-20 20:47:56,0x100,1,55
2026-08-20 20:47:56,0x101,2,0f1f
2026-08-20 20:47:56,0x102,1,48
2026-08-20 20:47:57,0x100,1,55
2026-08-20 20:47:57,0x101,2,0f10
2026-08-20 20:47:57,0x102,1,48
2026-08-20 20:47:57,0x100,1,52
2026-08-20 20:47:57,0x101,2,0e7a
2026-08-20 20:47:57,0x102,1,48
2026-08-20 20:47:57,0x100,1,53
2026-08-20 20:47:57,0x101,2,0e19
2026-08-20 20:47:57,0x102,1,48
2026-08-20 20:47:57,0x100,1,58
2026-08-20 20:47:57,0x101,2,0db3
2026-08-20 20:47:57,0x102,1,47
2026-08-20 20:47:57,0x100,1,5c
2026-08-20 20:47:57,0x101,2,0e3b
2026-08-20 20:47:57,0x102,1,47
2026-08-20 20:47:57,0x100,1,59
2026-08-20 20:47:57,0x101,2,0e60
2026-08-20 20:47:57,0x102,1,47
2026-08-20 20:47:57,0x100,1,58
2026-08-20 20:47:57,0x101,2,0e73
2026-08-20 20:47:57,0x102,1,47
2026-08-20 20:47:57,0x100,1,53
2026-08-20 20:47:57,0x101,2,0ea7
2026-08-20 20:47:57,0x102,1,47
2026-08-20 20:47:57,0x100,1,56
2026-08-20 20:47:57,0x101,2,0e1a
2026-08-20 20:47:57,0x102,1,48
2026-08-20 20:47:57,0x100,1,54
2026-08-20 20:47:57,0x101,2,0da1
2026-08-20 20:47:57,0x102,1,48
2026-08-20 20:47:57,0x100,1,58
2026-08-20 20:47:57,0x101,2,0e1f
2026-08-20 20:47:57,0x102,1,48
2026-08-20 20:47:57,0x100,1,58
2026-08-20 20:47:57,0x101,2,0e10
2026-08-20 20:47:57,0x102,1,49
2026-08-20 20:47:57,0x100,1,58
2026-08-20 20:47:57,0x101,2,0e93
2026-08-20 20:47:57,0x102,1,49
2026-08-20 20:47:57,0x100,1,5d
2026-08-20 20:47:57,0x101,2,0ebb
2026-08-20 20:47:57,0x102,1,49
2026-08-20 20:47:57,0x100,1,5a
2026-08-20 20:47:57,0x101,2,0f05
2026-08-20 20:47:57,0x102,1,4a
2026-08-20 20:47:57,0x100,1,5e
2026-08-20 20:47:57,0x101,2,0ec8
2026-08-20 20:47:57,0x102,1,49
2026-08-20 20:47:57,0x100,1,59
2026-08-20 20:47:57,0x101,2,0efd
2026-08-20 20:47:57,0x102,1,4a
2026-08-20 20:47:57,0x100,1,5e
2026-08-20 20:47:57,0x101,2,0efc
2026-08-20 20:47:57,0x102,1,4b
2026-08-20 20:47:57,0x100,1,5d
2026-08-20 20:47:57,0x101,2,0ee6
2026-08-20 20:47:57,0x102,1,4b
2026-08-20 20:47:57,0x100,1,60
2026-08-20 20:47:57,0x101,2,0eda
2026-08-20 20:47:57,0x102,1,4a
2026-08-20 20:47:58,0x100,1,5e
2026-08-20 20:47:58,0x101,2,0e93
2026-08-20 20:47:58,0x102,1,4a
2026-08-20 20:47:58,0x100,1,5a
2026-08-20 20:47:58,0x101,2,0f0d
2026-08-20 20:47:58,0x102,1,4b
2026-08-20 20:47:58,0x100,1,56
2026-08-20 20:47:58,0x101,2,0f35
2026-08-20 20:47:58,0x102,1,4a
2026-08-20 20:47:58,0x100,1,51
2026-08-20 20:47:58,0x101,2,0eee
2026-08-20 20:47:58,0x102,1,4b
2026-08-20 20:47:58,0x100,1,55
2026-08-20 20:47:58,0x101,2,0e76
2026-08-20 20:47:58,0x102,1,4a
2026-08-20 20:47:58,0x100,1,58
2026-08-20 20:47:58,0x101,2,0e75
2026-08-20 20:47:58,0x102,1,4b
2026-08-20 20:47:58,0x100,1,5b
2026-08-20 20:47:58,0x101,2,0e3d
2026-08-20 20:47:58,0x102,1,4c
2026-08-20 20:47:58,0x100,1,5e
2026-08-20 20:47:58,0x101,2,0db9
2026-08-20 20:47:58,0x102,1,4c
2026-08-20 20:47:58,0x100,1,60
2026-08-20 20:47:58,0x101,2,0deb
2026-08-20 20:47:58,0x102,1,4d
2026-08-20 20:47:58,0x100,1,5c
2026-08-20 20:47:58,0x101,2,0d80
2026-08-20 20:47:58,0x102,1,4c
2026-08-20 20:47:58,0x100,1,61
2026-08-20 20:47:58,0x101,2,0d90
2026-08-20 20:47:58,0x102,1,4c
2026-08-20 20:47:58,0x100,1,5c
2026-08-20 20:47:58,0x101,2,0db0
2026-08-20 20:47:58,0x102,1,4c
2026-08-20 20:47:58,0x100,1,58
2026-08-20 20:47:58,0x101,2,0de1
2026-08-20 20:47:58,0x102,1,4c
2026-08-20 20:47:58,0x100,1,5c
2026-08-20 20:47:58,0x101,2,0da9
2026-08-20 20:47:58,0x102,1,4c
2026-08-20 20:47:58,0x100,1,5e
2026-08-20 20:47:58,0x101,2,0d7a
2026-08-20 20:47:58,0x102,1,4c
2026-08-20 20:47:58,0x100,1,5b
2026-08-20 20:47:58,0x101,2,0d1d
2026-08-20 20:47:58,0x102,1,4b
2026-08-20 20:47:58,0x100,1,5e
2026-08-20 20:47:58,0x101,2,0c99
2026-08-20 20:47:58,0x102,1,4c
2026-08-20 20:47:58,0x100,1,5f
2026-08-20 20:47:58,0x101,2,0cd6
2026-08-20 20:47:58,0x102,1,4d
2026-08-20 20:47:58,0x100,1,5c
2026-08-20 20:47:58,0x101,2,0cd7
2026-08-20 20:47:58,0x102,1,4c
2026-08-20 20:47:59,0x100,1,5c
2026-08-20 20:47:59,0x101,2,0cb9
2026-08-20 20:47:59,0x102,1,4c
2026-08-20 20:47:59,0x100,1,5b
2026-08-20 20:47:59,0x101,2,0cd1
2026-08-20 20:47:59,0x102,1,4d
2026-08-20 20:47:59,0x100,1,5f
2026-08-20 20:47:59,0x101,2,0ca9
2026-08-20 20:47:59,0x102,1,4e
2026-08-20 20:47:59,0x100,1,5e
2026-08-20 20:47:59,0x101,2,0c5a
2026-08-20 20:47:59,0x102,1,4e
2026-08-20 20:47:59,0x100,1,5f
2026-08-20 20:47:59,0x101,2,0c88
2026-08-20 20:47:59,0x102,1,4e
2026-08-20 20:47:59,0x100,1,5f
2026-08-20 20:47:59,0x101,2,0c56
2026-08-20 20:47:59,0x102,1,4d
2026-08-20 20:47:59,0x100,1,61
2026-08-20 20:47:59,0x101,2,0bdd
2026-08-20 20:47:59,0x102,1,4d
2026-08-20 20:47:59,0x100,1,66
2026-08-20 20:47:59,0x101,2,0b55
2026-08-20 20:47:59,0x102,1,4e
2026-08-20 20:47:59,0x100,1,6a
2026-08-20 20:47:59,0x101,2,0b4e
2026-08-20 20:47:59,0x102,1,4f
2026-08-20 20:47:59,0x100,1,6b
2026-08-20 20:47:59,0x101,2,0bd5
2026-08-20 20:47:59,0x102,1,4f
2026-08-20 20:47:59,0x100,1,6f
2026-08-20 20:47:59,0x101,2,0b9a
2026-08-20 20:47:59,0x102,1,4f
2026-08-20 20:47:59,0x100,1,6c
2026-08-20 20:47:59,0x101,2,0c19
2026-08-20 20:47:59,0x102,1,4f
2026-08-20 20:47:59,0x100,1,68
2026-08-20 20:47:59,0x101,2,0c59
2026-08-20 20:47:59,0x102,1,4e
2026-08-20 20:47:59,0x100,1,69
2026-08-20 20:47:59,0x101,2,0c42
2026-08-20 20:47:59,0x102,1,4f
2026-08-20 20:47:59,0x100,1,64
2026-08-20 20:47:59,0x101,2,0ca9
2026-08-20 20:47:59,0x102,1,4f
2026-08-20 20:47:59,0x100,1,62
2026-08-20 20:47:59,0x101,2,0c3d
2026-08-20 20:47:59,0x102,1,4e
2026-08-20 20:47:59,0x100,1,60
2026-08-20 20:47:59,0x101,2,0ca1
2026-08-20 20:47:59,0x102,1,4e
2026-08-20 20:47:59,0x100,1,5c
2026-08-20 20:47:59,0x101,2,0c53
2026-08-20 20:47:59,0x102,1,4f
2026-08-20 20:47:59,0x100,1,5b
2026-08-20 20:47:59,0x101,2,0c21
2026-08-20 20:47:59,0x102,1,4f
2026-08-20 20:47:59,0x100,1,59
2026-08-20 20:47:59,0x101,2,0c28
2026-08-20 20:47:59,0x102,1,4f
2026-08-20 20:48:00,0x100,1,55
2026-08-20 20:48:00,0x101,2,0c27
2026-08-20 20:48:00,0x102,1,50
2026-08-20 20:48:00,0x100,1,55
2026-08-20 20:48:00,0x101,2,0bdd
2026-08-20 20:48:00,0x102,1,50
2026-08-20 20:48:00,0x100,1,57
2026-08-20 20:48:00,0x101,2,0bf0
2026-08-20 20:48:00,0x102,1,50
2026-08-20 20:48:00,0x100,1,5b
2026-08-20 20:48:00,0x101,2,0c26
2026-08-20 20:48:00,0x102,1,51
2026-08-20 20:48:00,0x100,1,57
2026-08-20 20:48:00,0x101,2,0bec
2026-08-20 20:48:00,0x102,1,51
2026-08-20 20:48:00,0x100,1,5c
2026-08-20 20:48:00,0x101,2,0be7
2026-08-20 20:48:00,0x102,1,51
2026-08-20 20:48:00,0x100,1,5e
2026-08-20 20:48:00,0x101,2,0c70
2026-08-20 20:48:00,0x102,1,51
2026-08-20 20:48:00,0x100,1,60
2026-08-20 20:48:00,0x101,2,0c5b
2026-08-20 20:48:00,0x102,1,51
2026-08-20 20:48:00,0x100,1,62
2026-08-20 20:48:00,0x101,2,0c30
2026-08-20 20:48:00,0x102,1,51
2026-08-20 20:48:00,0x100,1,67
2026-08-20 20:48:00,0x101,2,0c0b
2026-08-20 20:48:00,0x102,1,50
2026-08-20 20:48:00,0x100,1,6b
2026-08-20 20:48:00,0x101,2,0be6
2026-08-20 20:48:00,0x102,1,51
2026-08-20 20:48:00,0x100,1,6e
2026-08-20 20:48:00,0x101,2,0bc7
2026-08-20 20:48:00,0x102,1,50
2026-08-20 20:48:00,0x100,1,6d
2026-08-20 20:48:00,0x101,2,0c55
2026-08-20 20:48:00,0x102,1,50
2026-08-20 20:48:00,0x100,1,6c
2026-08-20 20:48:00,0x101,2,0c48
2026-08-20 20:48:00,0x102,1,50
2026-08-20 20:48:00,0x100,1,67
2026-08-20 20:48:00,0x101,2,0cae
2026-08-20 20:48:00,0x102,1,51
2026-08-20 20:48:00,0x100,1,69
2026-08-20 20:48:00,0x101,2,0c30
2026-08-20 20:48:00,0x102,1,51
2026-08-20 20:48:00,0x100,1,64
2026-08-20 20:48:00,0x101,2,0c2e
2026-08-20 20:48:00,0x102,1,52
2026-08-20 20:48:00,0x100,1,68
2026-08-20 20:48:00,0x101,2,0c5d
2026-08-20 20:48:00,0x102,1,52
2026-08-20 20:48:00,0x100,1,6c
2026-08-20 20:48:00,0x101,2,0bf2
2026-08-20 20:48:00,0x102,1,52
2026-08-20 20:48:00,0x100,1,6d
2026-08-20 20:48:00,0x101,2,0c84
2026-08-20 20:48:00,0x102,1,51
2026-08-20 20:48:01,0x100,1,6a
2026-08-20 20:48:01,0x101,2,0cd7
2026-08-20 20:48:01,0x102,1,52
2026-08-20 20:48:01,0x100,1,6d
2026-08-20 20:48:01,0x101,2,0cc7
2026-08-20 20:48:01,0x102,1,52
2026-08-20 20:48:01,0x100,1,69
2026-08-20 20:48:01,0x101,2,0d35
2026-08-20 20:48:01,0x102,1,52
2026-08-20 20:48:01,0x100,1,64
2026-08-20 20:48:01,0x101,2,0d64
2026-08-20 20:48:01,0x102,1,52
2026-08-20 20:48:01,0x100,1,63
2026-08-20 20:48:01,0x101,2,0d4b
2026-08-20 20:48:01,0x102,1,51
2026-08-20 20:49:12,0x100,1,21
2026-08-20 20:49:12,0x101,2,04d0
2026-08-20 20:49:12,0x102,1,3a
2026-08-20 20:49:13,0x100,1,22
2026-08-20 20:49:13,0x101,2,0484
2026-08-20 20:49:13,0x102,1,39
2026-08-20 20:49:14,0x100,1,25
2026-08-20 20:49:14,0x101,2,04f5
2026-08-20 20:49:14,0x102,1,3a
2026-08-20 20:49:15,0x100,1,29
2026-08-20 20:49:15,0x101,2,0573
2026-08-20 20:49:15,0x102,1,3a
2026-08-20 20:49:16,0x100,1,29
2026-08-20 20:49:16,0x101,2,058c
2026-08-20 20:49:16,0x102,1,3b
2026-08-20 20:49:17,0x100,1,26
2026-08-20 20:49:17,0x101,2,0515
2026-08-20 20:49:17,0x102,1,3c
2026-08-20 20:49:18,0x100,1,27
2026-08-20 20:49:18,0x101,2,0545
2026-08-20 20:49:18,0x102,1,3d
2026-08-20 20:49:19,0x100,1,25
2026-08-20 20:49:19,0x101,2,05bc
2026-08-20 20:49:19,0x102,1,3d
2026-08-20 20:49:20,0x100,1,29
2026-08-20 20:49:20,0x101,2,0599
2026-08-20 20:49:20,0x102,1,3d
2026-08-20 20:49:21,0x100,1,2d
2026-08-20 20:49:21,0x101,2,0618
2026-08-20 20:49:21,0x102,1,3d
2026-08-20 20:49:22,0x100,1,2b
2026-08-20 20:49:22,0x101,2,05f7
2026-08-20 20:49:22,0x102,1,3d
2026-08-20 20:49:23,0x100,1,2c
2026-08-20 20:49:23,0x101,2,05ab
2026-08-20 20:49:23,0x102,1,3d
2026-08-20 20:49:24,0x100,1,29
2026-08-20 20:49:24,0x101,2,05db
2026-08-20 20:49:24,0x102,1,3d
2026-08-20 20:49:25,0x100,1,27
2026-08-20 20:49:25,0x101,2,064a
2026-08-20 20:49:25,0x102,1,3d
2026-08-20 20:49:26,0x100,1,2a
2026-08-20 20:49:26,0x101,2,06c0
2026-08-20 20:49:26,0x102,1,3e
2026-08-20 20:49:27,0x100,1,25
2026-08-20 20:49:27,0x101,2,06fa
2026-08-20 20:49:27,0x102,1,3e
2026-08-20 20:49:28,0x100,1,27
2026-08-20 20:49:28,0x101,2,06bc
2026-08-20 20:49:28,0x102,1,3d
2026-08-20 20:49:29,0x100,1,2b
2026-08-20 20:49:29,0x101,2,0672
2026-08-20 20:49:29,0x102,1,3d
2026-08-20 20:49:30,0x100,1,2f
2026-08-20 20:49:30,0x101,2,0621
2026-08-20 20:49:30,0x102,1,3c
2026-08-20 21:10:38,0x100,1,32
2026-08-20 21:10:38,0x101,2,045d
2026-08-20 21:10:38,0x102,1,3a
2026-08-20 21:10:39,0x100,1,36
2026-08-20 21:10:39,0x101,2,04d5
2026-08-20 21:10:39,0x102,1,39
2026-08-20 21:10:40,0x100,1,37
2026-08-20 21:10:40,0x101,2,047b
2026-08-20 21:10:40,0x102,1,38
2026-08-20 21:10:41,0x100,1,35
2026-08-20 21:10:41,0x101,2,049e
2026-08-20 21:10:41,0x102,1,38
2026-08-20 21:10:42,0x100,1,37
2026-08-20 21:10:42,0x101,2,0409
2026-08-20 21:10:42,0x102,1,37
2026-08-20 21:10:43,0x100,1,35
2026-08-20 21:10:43,0x101,2,03ae
2026-08-20 21:10:43,0x102,1,37
2026-08-20 21:10:44,0x100,1,36
2026-08-20 21:10:44,0x101,2,0322
2026-08-20 21:10:44,0x102,1,37
2026-08-20 21:10:45,0x100,1,38
2026-08-20 21:10:45,0x101,2,039f
2026-08-20 21:10:45,0x102,1,36
2026-08-20 21:10:46,0x100,1,37
2026-08-20 21:10:46,0x101,2,0352
2026-08-20 21:10:46,0x102,1,35
2026-08-20 21:10:47,0x100,1,32
2026-08-20 21:10:47,0x101,2,03a3
2026-08-20 21:10:47,0x102,1,34
2026-08-20 21:10:48,0x100,1,30
2026-08-20 21:10:48,0x101,2,03f2
2026-08-20 21:10:48,0x102,1,35
2026-08-20 21:10:49,0x100,1,2d
2026-08-20 21:10:49,0x101,2,0484
2026-08-20 21:10:49,0x102,1,35
2026-08-20 21:10:50,0x100,1,2a
2026-08-20 21:10:50,0x101,2,04ef
2026-08-20 21:10:50,0x102,1,35
2026-08-20 21:10:51,0x100,1,25
2026-08-20 21:10:51,0x101,2,04c0
2026-08-20 21:10:51,0x102,1,35
2026-08-20 21:10:52,0x100,1,25
2026-08-20 21:10:52,0x101,2,0545
2026-08-20 21:10:52,0x102,1,34
2026-08-20 21:10:53,0x100,1,26
2026-08-20 21:10:53,0x101,2,04b6
2026-08-20 21:10:53,0x102,1,35
2026-08-20 21:10:54,0x100,1,29
2026-08-20 21:10:54,0x101,2,044b
2026-08-20 21:10:54,0x102,1,34
2026-08-20 21:10:55,0x100,1,2e
2026-08-20 21:10:55,0x101,2,0494
2026-08-20 21:10:55,0x102,1,34
2026-08-20 21:10:56,0x100,1,2d
2026-08-20 21:10:56,0x101,2,04a8
2026-08-20 21:10:56,0x102,1,34
2026-08-20 21:10:57,0x100,1,2b
2026-08-20 21:10:57,0x101,2,042a
2026-08-20 21:10:57,0x102,1,34
2026-08-20 21:10:58,0x100,1,26
2026-08-20 21:10:58,0x101,2,04b8
2026-08-20 21:10:58,0x102,1,33
2026-08-20 21:10:59,0x100,1,24
2026-08-20 21:10:59,0x101,2,0527
2026-08-20 21:10:59,0x102,1,34
2026-08-20 21:11:00,0x100,1,20
2026-08-20 21:11:00,0x101,2,056e
2026-08-20 21:11:00,0x102,1,34
2026-08-20 21:11:01,0x100,1,1e
2026-08-20 21:11:01,0x101,2,052d
2026-08-20 21:11:01,0x102,1,33
2026-08-20 21:11:02,0x100,1,1e
2026-08-20 21:11:02,0x101,2,04da
2026-08-20 21:11:02,0x102,1,33
2026-08-20 21:11:03,0x100,1,22
2026-08-20 21:11:03,0x101,2,056b
2026-08-20 21:11:03,0x102,1,34
2026-08-20 21:11:04,0x100,1,20
2026-08-20 21:11:04,0x101,2,05e9
2026-08-20 21:11:04,0x102,1,34
2026-08-20 21:11:05,0x100,1,1c
2026-08-20 21:11:05,0x101,2,064c
2026-08-20 21:11:05,0x102,1,33
2026-08-20 21:11:06,0x100,1,19
2026-08-20 21:11:06,0x101,2,05e7
2026-08-20 21:11:06,0x102,1,33
2026-08-20 21:11:07,0x100,1,16
2026-08-20 21:11:07,0x101,2,05cd
2026-08-20 21:11:07,0x102,1,33
2026-08-20 21:11:08,0x100,1,17
2026-08-20 21:11:08,0x101,2,0659
2026-08-20 21:11:08,0x102,1,33
2026-08-20 21:11:09,0x100,1,15
2026-08-20 21:11:09,0x101,2,05ea
2026-08-20 21:11:09,0x102,1,33
2026-08-20 21:11:10,0x100,1,15
2026-08-20 21:11:10,0x101,2,05e8
2026-08-20 21:11:10,0x102,1,33
2026-08-20 21:11:11,0x100,1,13
2026-08-20 21:11:11,0x101,2,05ef
2026-08-20 21:11:11,0x102,1,34
2026-08-20 21:11:12,0x100,1,10
2026-08-20 21:11:12,0x101,2,060c
2026-08-20 21:11:12,0x102,1,35
2026-08-20 21:11:13,0x100,1,0c
2026-08-20 21:11:13,0x101,2,0581
2026-08-20 21:11:13,0x102,1,35
2026-08-20 21:11:14,0x100,1,0d
2026-08-20 21:11:14,0x101,2,058c
2026-08-20 21:11:14,0x102,1,36
2026-08-20 21:11:15,0x100,1,09
2026-08-20 21:11:15,0x101,2,050d
2026-08-20 21:11:15,0x102,1,36
2026-08-20 21:11:16,0x100,1,08
2026-08-20 21:11:16,0x101,2,049a
2026-08-20 21:11:16,0x102,1,36
2026-08-20 21:11:17,0x100,1,06
2026-08-20 21:11:17,0x101,2,0515
2026-08-20 21:11:17,0x102,1,36
2026-08-20 21:11:18,0x100,1,06
2026-08-20 21:11:18,0x101,2,04be
2026-08-20 21:11:18,0x102,1,36
2026-08-20 21:11:19,0x100,1,09
2026-08-20 21:11:19,0x101,2,042a
2026-08-20 21:11:19,0x102,1,36
2026-08-20 21:11:20,0x100,1,0a
2026-08-20 21:11:20,0x101,2,0492
2026-08-20 21:11:20,0x102,1,35
2026-08-20 21:11:21,0x100,1,0f
2026-08-20 21:11:21,0x101,2,050c
2026-08-20 21:11:21,0x102,1,35
2026-08-20 21:11:22,0x100,1,0a
2026-08-20 21:11:22,0x101,2,04b9
2026-08-20 21:11:22,0x102,1,36
2026-08-20 21:11:23,0x100,1,0c
2026-08-20 21:11:23,0x101,2,04f4
2026-08-20 21:11:23,0x102,1,35
2026-08-20 21:11:24,0x100,1,09
2026-08-20 21:11:24,0x101,2,0578
2026-08-20 21:11:24,0x102,1,34
2026-08-20 21:11:25,0x100,1,05
2026-08-20 21:11:25,0x101,2,0579
2026-08-20 21:11:25,0x102,1,34
2026-08-20 21:11:26,0x100,1,04
2026-08-20 21:11:26,0x101,2,0578
2026-08-20 21:11:26,0x102,1,34
2026-08-20 21:11:27,0x100,1,07
2026-08-20 21:11:27,0x101,2,05d5
2026-08-20 21:11:27,0x102,1,34
2026-08-20 21:11:28,0x100,1,0a
2026-08-20 21:11:28,0x101,2,0657
2026-08-20 21:11:28,0x102,1,34
2026-08-20 21:11:29,0x100,1,0a
2026-08-20 21:11:29,0x101,2,0678
2026-08-20 21:11:29,0x102,1,35
2026-08-20 21:11:30,0x100,1,06
2026-08-20 21:11:30,0x101,2,05ed
2026-08-20 21:11:30,0x102,1,34
2026-08-20 21:11:31,0x100,1,05
2026-08-20 21:11:31,0x101,2,05be
2026-08-20 21:11:31,0x102,1,34
2026-08-20 21:11:32,0x100,1,06
2026-08-20 21:11:32,0x101,2,061c
2026-08-20 21:11:32,0x102,1,34
2026-08-20 21:11:33,0x100,1,02
2026-08-20 21:11:33,0x101,2,05a0
2026-08-20 21:11:33,0x102,1,35
2026-08-20 21:11:34,0x100,1,07
2026-08-20 21:11:34,0x101,2,060c
2026-08-20 21:11:34,0x102,1,35
2026-08-20 21:11:35,0x100,1,09
2026-08-20 21:11:35,0x101,2,05a6
2026-08-20 21:11:35,0x102,1,35
2026-08-20 21:11:36,0x100,1,08
2026-08-20 21:11:36,0x101,2,0636
2026-08-20 21:11:36,0x102,1,34
2026-08-20 21:11:37,0x100,1,05
2026-08-20 21:11:37,0x101,2,0618
2026-08-20 21:11:37,0x102,1,33
2026-08-20 21:11:38,0x100,1,02
2026-08-20 21:11:38,0x101,2,0616
2026-08-20 21:11:38,0x102,1,33
2026-08-20 21:11:39,0x100,1,03
2026-08-20 21:11:39,0x101,2,05f5
2026-08-20 21:11:39,0x102,1,32
2026-08-20 21:11:40,0x100,1,00
2026-08-20 21:11:40,0x101,2,0682
2026-08-20 21:11:40,0x102,1,33
2026-08-20 21:11:41,0x100,1,02
2026-08-20 21:11:41,0x101,2,0664
2026-08-20 21:11:41,0x102,1,32
2026-08-20 21:11:42,0x100,1,04
2026-08-20 21:11:42,0x101,2,05f5
2026-08-20 21:11:42,0x102,1,31
2026-08-20 21:11:43,0x100,1,02
2026-08-20 21:11:43,0x101,2,0572
2026-08-20 21:11:43,0x102,1,31
2026-08-20 21:11:44,0x100,1,05
2026-08-20 21:11:44,0x101,2,04e2
2026-08-20 21:11:44,0x102,1,31
2026-08-20 21:11:45,0x100,1,02
2026-08-20 21:11:45,0x101,2,0507
2026-08-20 21:11:45,0x102,1,32
2026-08-20 21:11:46,0x100,1,02
2026-08-20 21:11:46,0x101,2,0495
2026-08-20 21:11:46,0x102,1,31
2026-08-20 21:11:47,0x100,1,00
2026-08-20 21:11:47,0x101,2,04e2
2026-08-20 21:11:47,0x102,1,31
2026-08-20 21:11:48,0x100,1,00
2026-08-20 21:11:48,0x101,2,04d8
2026-08-20 21:11:48,0x102,1,31
2026-08-20 21:11:49,0x100,1,02
2026-08-20 21:11:49,0x101,2,04d8
2026-08-20 21:11:49,0x102,1,32
2026-08-20 21:11:50,0x100,1,00
2026-08-20 21:11:50,0x101,2,052f
2026-08-20 21:11:50,0x102,1,32
2026-08-20 21:11:51,0x100,1,00
2026-08-20 21:11:51,0x101,2,04fe
2026-08-20 21:11:52,0x102,1,31
